COD_SERV;DESCRIPCIO;PRECIO;ENTIDAD;C_ENTIDAD;CODCONT;M_LETRA
00.09;Recuperación segun RR Nº 426-2003-UNASAM;1.00;DEVOLUCION EJERCICIOS ANTERIORES;00000000;152211;
00.10;Proceso de Concurso de Selecci_n REGION CHAVIN;1.00;ADMINISTRACION CENTRAL;00000000;1333199;
01.01;Concurso Plazas Administrativas;40.00;ADMINISTRACION CENTRAL;I;132317;CUARENTA CON 00
01.02;Alquiler Local Cafeteria/CENTRAL;1.00;ADMINISTRACION CENTRAL;I;1333199;
01.03;Venta de Solaperas mßs LLaveros;3.00;ADMINISTRACION CENTRAL;I;132314;TRES CON 00
01.06;Alquiler Auditorio TELEMATICA;1.00;ADMINISTRACION CENTRAL;I;1333199;UNO CON 00
01.07;Venta de Bases;0.00;ADMINISTRACION CENTRAL;I;131912;00
01.08;Venta de Bases;0.00;ADMINISTRACION CENTRAL;I;131912;00
01.09;Venta de Bases;0.00;ADMINISTRACION CENTRAL;I;131912;00
01.10;Venta de Bases;0.00;ADMINISTRACION CENTRAL;I;131912;00
01.11;Venta de Bases;0.00;ADMINISTRACION CENTRAL;I;131912;00
01.12;Venta de Bases;0.00;ADMINISTRACION CENTRAL;I;1333199;00
01.13;Venta de Bases;0.00;ADMINISTRACION CENTRAL;I;131912;00
01.14;Venta de Bases;0.00;ADMINISTRACION CENTRAL;I;131912;00
01.15;Venta de Bases ADS 001-2009-UNASAM/CEFICTEGA;20.00;ADMINISTRACION CENTRAL;I;131912;VEINTE CON 00
01.16;Venta de Bases ADP 001-2009-UNASAM/CEPICEINFAT;350.00;ADMINISTRACION CENTRAL;I;131912;TRESCIENTOS CINCUENTA Y 00
01.17;Venta de Bases LP 1-2009-UNASAM-CELP;50.00;ADMINISTRACION CENTRAL;I;131912;CINCUENTA CON 00
01.18;Venta de Bases LP 2-2009-UNASAM-CELP;50.00;ADMINISTRACION CENTRAL;I;131912;CINCUENTA CON 00
01.19;Venta de Bases LP 3-2009-UNASAM-CELP;50.00;ADMINISTRACION CENTRAL;I;131912;DIEZ CON 00
01.20;Venta de Bases LP Nº 0001-2009-UNASAM/CEICIFHC;500.00;ADMINISTRACION CENTRAL;I;131912;QUINIENTOS  CON 00
01.21;Venta de Bases ADS-1-2009-UNASAM/CEAADS;30.00;ADMINISTRACION CENTRAL;I;131912;TREINTA CON 00
01.22;Venta de Bases ADS-2-2009-UNASAM/CEAADS;30.00;ADMINISTRACION CENTRAL;I;131912;TREINTA CON 00
01.23;Venta de Bases ADS-3-2009-UNASAM/CEAADS;30.00;ADMINISTRACION CENTRAL;I;131912;TREINTA CON 00
01.24;Venta de Bases ADS Nº 03,04 Y 005-2009-UNASAM-;30.00;ADMINISTRACION CENTRAL;I;131912;TREINTA CON 00
01.25;Venta de Bases ADP Nº 01-2009-UNASAM-CEAADP;50.00;ADMINISTRACION CENTRAL;I;131912;CINCUENTA  CON 00
01.26;Venta de Bases AMC Nº 001-2009-UNASAM-CEOET;30.00;ADMINISTRACION CENTRAL;I;131912;TREINTA CON 00
01.27;Venta de Bases AMC Nº 0001 Y 0002-UNASAM/CEEOC;100.00;ADMINISTRACION CENTRAL;I;131912;CIEN CON 00
01.28;Venta de Bases ADS Nº 001-2009-UNASAM-CERV;20.00;ADMINISTRACION CENTRAL;I;131912;VEINTE CON 00
01.29;Venta de Bases LP Nº 0001-2009-UNASAM-CEFICTEG;50.00;ADMINISTRACION CENTRAL;I;1333199;CINCUENTA CON 00
01.30;Venta de Bases LP Nº 0001-2009-UNASAM-CEICIFHC;50.00;ADMINISTRACION CENTRAL;I;1333199;CINCUENTA CON 00
01.31;Venta de Bases LP Nº 001-2009-UNASAM-CEEF;50.00;ADMINISTRACION CENTRAL;I;131912;CINCUENTA CON 00
01.32;Venta de Bases ADP Nº 0001-2009-UNASAM-CEPICEI;50.00;ADMINISTRACION CENTRAL;I;131912;CINCUENTA CON 00
01.35;Venta de Bases DU 078-2009 (AD)-5-2009-CEOET;30.00;ADMINISTRACION CENTRAL;I;131912;TREINTA CON 00
01.36;Venta de Bases ADS Nº 05-2009-UNASAM-CEAADS;20.00;ADMINISTRACION CENTRAL;I;131912;VEINTE CON 00
01.37;Venta de Bases ADS Nº 06-2009-UNASAM-CEAADS;30.00;ADMINISTRACION CENTRAL;I;131912;TREINTA CON 00
01.38;Venta de Bases ADS Nº 07-2009-UNASAM-CEAADS;30.00;ADMINISTRACION CENTRAL;I;131912;TREINTA CON 00
01.39;Venta de Bases ADS Nº 01-2009-UNASAM-CEA-FIIA;20.00;ADMINISTRACION CENTRAL;I;131912;VEINTE CON 00
01.40;Venta de Bases ADS Nº 02-2009-UNASAM-CEA-FIIA;20.00;ADMINISTRACION CENTRAL;I;131912;VEINTE CON 00
01.41;Venta de Bases ADS Nº 03-2009-UNASAM-CEA-FIIA;20.00;ADMINISTRACION CENTRAL;I;131912;VEINTE CON 00
01.42;Venta de Bases AMC Nº 002-2009-UNASAM-CEOET;30.00;ADMINISTRACION CENTRAL;I;131912;TREINTA CON 00
01.43;Venta de Bases AMC Nº 003-2009-UNASAM-CEOET;30.00;ADMINISTRACION CENTRAL;I;131912;TREINTA CON 00
01.44;Venta de Bases ADS Nº 01-2009-UNASAM-CESI;35.00;ADMINISTRACION CENTRAL;I;131912;TREINTICINCO  CON 00
01.45;Venta de Bases ADS SIP Nº 01-2009-UNASAM-CESI;35.00;ADMINISTRACION CENTRAL;I;131912;SESENTA CON 00
01.46;Venta de Bases ADS Nº 0001-2009-UNASAM-CECPT;20.00;ADMINISTRACION CENTRAL;I;131912;VEINTE CON 00
01.47;Venta de Bases LP Nº 0001-2009-UNASAM-CEIIASAM;600.00;ADMINISTRACION CENTRAL;I;131912;DIEZ CON 00
01.48;Venta de Bases CP Nº 001-2009-UNASAM-CECPCMT;100.00;ADMINISTRACION CENTRAL;I;131912;CIEN CON 00
01.49;Venta de Bases CP Nº 001-2009-UNASAM-CECP;100.00;ADMINISTRACION CENTRAL;I;131912;CIENTO CON 00
01.50;Venta de Bases AD Nº 01-2009/UNASAM - CEA-CPU;10.00;ADMINISTRACION CENTRAL;I;131912;DIEZ CON 00
01.51;Venta de Bases CP Nº 01-2009/UNASAM-CEAPLANTAS;30.00;ADMINISTRACION CENTRAL;I;131912;TREINTA CON 00
01.52;Venta de Bases AD Nº 01-2209/UNASAM-CEADH-SD;20.00;ADMINISTRACION CENTRAL;I;131912;VEINTE CON 00
01.53;Venta de Bases AD Nº 01-2009/UNASAM-CEAH-TEU;20.00;ADMINISTRACION CENTRAL;I;131912;VEINTE CON 00
01.54;Venta de Bases ADP Nº 01-2009/UNASAM-CEAH-TEU;30.00;ADMINISTRACION CENTRAL;I;131912;TREINTA CON 00
01.55;Venta de Bases AD Nº 002-2009/UNASAM-CEAH-ACC;20.00;ADMINISTRACION CENTRAL;I;131912;VEINTE CON 00
01.56;Venta de Bases AD Nº 001-2009-UNASAM-CEAH-ACC;20.00;ADMINISTRACION CENTRAL;I;131912;VEINTE CON 00
01.57;Venta de Bases ADS Nº 001-2009/UNASAM-CEAHCS;20.00;ADMINISTRACION CENTRAL;I;131912;VEINTE CON OO
01.58;Venta de Bases AD Nº 001-2009/UNASAM-CEAHACA;20.00;ADMINISTRACION CENTRAL;I;131912;VEINTE CON 00
01.59;Venta de Bases AD Nº 001-2009/UNASAM-CEAHAPFG;20.00;ADMINISTRACION CENTRAL;I;131912;VEINTE CON 00
01.60;Venta de Bases ADP Nº 001-2009/UNASAM-CEAHAAC;20.00;ADMINISTRACION CENTRAL;I;131912;VEINTE CON 00
01.61;Venta de Bases LP Nº 01-2009-UNASAM-CESI;30.00;ADMINISTRACION CENTRAL;I;131912;TREINTA CON 00
01.62;Venta de Bases ADS Nº 011-2009-UNASAM-CEOPP;10.00;ADMINISTRACION CENTRAL;I;131912;DIEZ CON 00
01.63;Base ADP 003-2005 UNASAM Colocaci_n Cielo Raso;10.00;ADMINISTRACION CENTRAL;I;131912;DIEZ CON 00
01.64;Bases LP No.0002-2006-Adquis.Insumos PCM-Mesap;15.00;ADMINISTRACION CENTRAL;I;131912;QUINCE CON 00
01.65;Bases ADP No.002-2006 Adquis.Alimento P/Person;10.00;ADMINISTRACION CENTRAL;I;131912;DIEZ CON 00
01.66;Bases ADP No.003-2006 Adqyis.Mater.Ofic. y Esc;10.00;ADMINISTRACION CENTRAL;I;131912;DIEZ CON 00
01.67;Bases ADS No.001-2007 Ser. Confecc.Uniformes;10.00;ADMINISTRACION CENTRAL;I;131912;DIEZ CON 00
01.68;Bases ADS N? 0003-2007-Serv. Rep. y Mant.SSHH.;10.00;ADMINISTRACION CENTRAL;I;131912;DIEZ CON 00
01.69;Bases AMC Subasta In.Pres.No.003-2006 Alim/Per;10.00;ADMINISTRACION CENTRAL;I;131912;DIEZ CON 00
01.70;Bases LP 01 2006 Movimiento de Tierras -Obras;150.00;ADMINISTRACION CENTRAL;I;131912;TRESCIENTOS CON 00
01.71;Bases ADS No. 001-2006-UNASAM (Supervisor);10.00;ADMINISTRACION CENTRAL;I;131912;DIEZ CON 00
01.72;Bases ADS No.003-2006-UNASAM Adq.Aliment/Perso;5.00;ADMINISTRACION CENTRAL;I;131912;CINCO CON 00
01.73;Bases ADS No004-2006-UNASAM Srv.Repar.Chancado;5.00;ADMINISTRACION CENTRAL;I;131912;CINCO CON 00
01.74;Bases ADS N? 001-2007 Adquis.Mat.Bibliog.LIBRO;10.00;ADMINISTRACION CENTRAL;I;131912;DIEZ CON 00
01.75;BASES SUBASTA PUBLICA SEMOVIENTES R-1286-206 U;1.00;ADMINISTRACION CENTRAL;I;131912;
01.76;BASE L.P. 01-2006-UNASAM CONST.TELEMATICA E.U.;300.00;ADMINISTRACION CENTRAL;I;131912;TRESCIENTOS CON 00
01.77;BASES DE CONCURSO PARA DOCENTES CONTRATADOS;50.00;ADMINISTRACION CENTRAL;I;131912;CINCUENTA CON 00
01.78;INGRESOS/CONVENIO UNASAM-DREA/ ANCASH;1.00;ADMINISTRACION CENTRAL;I;1333.199;
01.79;PAGO POR CONVENIO CESAP SAC-UNASAM;1.00;ADMINISTRACION CENTRAL;LXXIX;1333199;
01.80;CONVENIO COLEGIO ODONTOLOGICO/HZ - UNASAM;1.00;ADMINISTRACION CENTRAL;I;1333199;UNO CON 00
02.01;Expedición Carne para estudiantes inc.reglamen;6.00;BIBLIOTECA CENTRAL;II;132311;SEIS CON 00
02.02;Carnet Lector: duplicado;10.00;BIBLIOTECA CENTRAL;II;132311;DIEZ CON 00
02.03;Carnet Lector: duplicado segunda vez o mas;20.00;BIBLIOTECA CENTRAL;II;132311;VEINTE CON 00
02.04;Constancia de no adeudar Libro;3.00;BIBLIOTECA CENTRAL;II;132313;TRES CON 00
02.05;Canje de carné caducado;5.00;BIBLIOTECA CENTRAL;II;1333199;CINCO CON 00
02.06;Expedición de carné a egresados;15.00;BIBLIOTECA CENTRAL;II;132314;QUINCE CON 00
02.07;Retenci_n de libro mßs de un mes;10.00;BIBLIOTECA CENTRAL;II;1333199;DIEZ CON 00
02.08;Retención de libro por dia/domicilio-sala lect;1.00;BIBLIOTECA CENTRAL;II;1333199;UNO CON 00
02.09;Retenci_n de libro Biblioteca Central;1.00;BIBLIOTECA CENTRAL;II;1333199;UNO CON 00
02.10;Retenci_n de libro por mßs de ocho dYas;5.00;BIBLIOTECA CENTRAL;II;1333199;CINCO CON 00
02.11;Expedicion de carné a Docentes y Administrativ;7.50;BIBLIOTECA CENTRAL;II;1333199;SIETE CON 50
02.12;Enmicado de Carnet;1.00;BIBLIOTECA CENTRAL;II;1332299;UNO CON 00
02.13;Servicio Grabado de CD;5.00;BIBLIOTECA CENTRAL;II;1332299;CINCO CON 00
02.14;Servicios de fotocopia Bibliot.Central;1.00;BIBLIOTECA CENTRAL;II;132314;UNO CON 00
02.15;Capacitaci_n en Manejo de Bibliotecas;1.00;BIBLIOTECA CENTRAL;II;133312;
03.01;Pago comedor (considerados en lista) diario;1.50;COMEDOR UNIVERSITARIO;III;133925;UNO CON 50
03.02;Pago comedor no considerados en lista diario;3.00;COMEDOR UNIVERSITARIO;III;133925;TRES CON 00
03.03;Pago Comedor Universitario via descuento Plani;1.00;COMEDOR UNIVERSITARIO;III;133925;
03.04;Pago Comedor Almuerzo admistsrativo docente;5.50;COMEDOR UNIVERSITARIO;III;133925;CINCO CON 50
03.05;Atencion Comedor solo Almuerzo;2.50;COMEDOR UNIVERSITARIO;III;133925;DOS CON 50
03.06;DESPERDICIO PARA ALIMENTOS DE PORCINO;1.00;COMEDOR UNIVERSITARIO;III;133925;UNO Y 00
04.11;Convenio IDG/Firma de Diplomas;1.00;OEUYPS-CONVENIO INST.DES.GERENC.;IV;133313;
04.36;Alquileres OEUYPS;1.00;CENTRO DE IDIOMAS;IV;1333199;
04.37;Venta de Disco Compacto de la UNASAM;20.00;OEUYPS;IV;132314;VEINTE CON 00
04.47;INGRESOS II Encuentro Tunas Universitarias;1.00;OEUYPS;IV;133312;
04.48;Inscripcion X Encuentro de Ext. Universitaria;1.00;OEUYPS;IV;133315;
04.49;Curso de Hidroponia;20.00;OEUYPS;IV;133312;VEINTE CON 00
04.50;Ingresos/OEUYPS II CONGRESO NACIONAL;1.00;OEUYPS;IV;133312;
04.51;"CURSO ""CONTABILIDAD PARA NO CONTADORES""";15.00;OEUYPS;IV;133312;QUINCE CON 00
04.52;VACACIONES UTILES DANZA MUSICA Y TEATRO;1.00;OEUYPS;IV;133312;
05.01;Alquiler de mezcladora (por hora) + IGV;35.00;COMITE DESARROLLO FISICO;V;1333199;TREINTICINCO CON 00
05.02;Alquiler de Vibradora(por hora);15.00;COMITE DESARROLLO FISICO;V;1333199;QUINCE CON 00
05.03;Fotocopia de plano por metro;5.00;COMITE DESARROLLO FISICO;V;1333199;CINCO CON 00
05.04;VENTA DE MADERAMEN - UTILIZADAS EN OBRAS;1.00;OFICINA GENERAL DESARROLLO FISIC;V;132314;
06.01;Expediciòn carnet Universitario;10.50;Carnet Universitario/OCEASA;VI;13231;DIEZ CON 50
06.02;Expedici_n carnet Universit.(Extemporaneo);15.00;Carnet Universitario/OCEASA;VI;132311;QUINCE CON 00
06.03;Certificado de estudios Pre Grado por SEMESTRE;10.00;O.C.E.A.S.A;VI;132314;DIEZ CON 00
06.04;Acta por juego - Pre Grado;5.30;O.C.E.A.S.A;VI;132314;CINCO CON 30
06.05;Acta por Juego - Post Grado;21.00;O.C.E.A.S.A;VI;133313;VENTIUNO CON 00
06.06;Multa por pre matricula;15.00;O.C.E.A.S.A;VI;132317;QUINCE CON 00
06.07;Ingresos Varios;1.00;O.C.E.A.S.A;VI;132317;CON 00
06.08;Rectificacion Cert. Estudios / Pre Grado;10.00;O.C.E.A.S.A;VI;133313;DIEZ CON 00
06.09;Rectificacion Cert. Estudios / Post Grado;20.00;O.C.E.A.S.A;VI;133313;VEINTE CON 00
06.10;Porta Diplomas para Titulos Profesionales;30.00;O.C.E.A.S.A;VI;133313;TREINTA CON 00
06.11;Porta Diplomas para Grados de Maestro;25.00;O.C.E.A.S.A;VI;133313;VEINTICINCO CON 00
06.12;Formato Unico de Tramites (FUT);2.00;O.C.E.A.S.A;VI;133313;DOS CON 00
06.13;Carnect Universitario Escuela Post Grado;10.50;O.C.E.A.S.A;VI;132311;DIEZ Y 50
06.14;Certificado de Estudios Post Grado;24.50;O.C.E.A.S.A;VI;132314;VEINTICUATRO CON 50
06.15;DUPLICADO JUEGO DE ACTA POST GRADO;21.00;O.C.E.A.S.A;VI;132314;VEINTIUNO CON 00
06.16;Reintegro pagos a la OCEASA;1.00;O.C.E.A.S.A;VI;132314;
07.01;Formulario Unico de Tramite;1.00;OFICINA DE ECONOMIA;VII;1333199;UNO CON 00
07.02;Constancia de no deber dinero a la UNASAM;2.00;OFICINA DE ECONOMIA;VII;132314;DOS CON 00
07.03;Gastos administrativos;1.00;OFICINA DE ECONOMIA;VII;1333199;UNO CON 00
07.04;USO DE VEHICULO / USA;1.00;OFICINA DE ECONOMIA? USA;VII;132314;UNO CON 00
08.01;Const Cert pago hßberes y Descuentos;5.00;OFICINA DE PERSONAL;VIII;132314;CINCO CON 00
08.02;Constancia de Remuneraciones;2.50;OFICINA DE PERSONAL;VIII;132314;DOS CON 50
08.03;Constancia de trabajo;2.50;OFICINA DE PERSONAL;VIII;132314;DOS CON 50
08.04;Duplicado Boleta de Pagos;2.50;OFICINA DE PERSONAL;VIII;132314;DOS CON 50
08.05;Desc. por plla de S/.1 hasta S/.100;5.00;OFICINA DE PERSONAL;VIII;132314;CINCO CON 00
08.06;Desc. por plla de S/.101 hasta S/.200;10.00;OFICINA DE PERSONAL;VIII;132314;DIEZ CON 00
08.07;Desc. por plla de S/.201 hasta S/.300;15.00;OFICINA DE PERSONAL;VIII;132314;QUINCE CON 00
08.08;Desc. por plla de S/.301 hasta S/.400;20.00;OFICINA DE PERSONAL;VIII;132314;VEINTE CON 00
08.09;Desc. por plla de S/.401 hasta S/.500;25.00;OFICINA DE PERSONAL;VIII;132314;VEINTICINCO CON 00
08.10;Desc. por plla de S/.501 hasta S/.600;30.00;OFICINA DE PERSONAL;VIII;132314;TREINTA CON 00
08.11;Dcto.por Plla. de S/ 601 hasta S/ 800;35.00;OFICINA DE PERSONAL;VIII;132314;TREINTICINCO CON 00
08.12;Dcto.por Plla. de S/ 801 hasta S/ 1000;40.00;OFICINA DE PERSONAL;VIII;132314;CUARENTA CON 00
08.13;Dcto.por Plla. de S/1001 hasta S/ 1500;45.00;OFICINA DE PERSONAL;VIII;132314;CUARENTICINCO CON 00
08.14;Dcto.por Plla. de S/1501 hasta S/ 2000;50.00;OFICINA DE PERSONAL;VIII;132314;CINCUENTA CON 00
08.15;Dcto.por Plla. de S/2001 hasta S/ 3000;55.00;OFICINA DE PERSONAL;VIII;132314;CINCUENTICINCO CON 00
08.16;Dcto.por Plla. de 3001 a mas;60.00;OFICINA DE PERSONAL;VIII;132314;SESENTA CON 00
08.17;Duplicado de Fotochek / Primera vez;10.00;OFICINA DE PERSONAL;VIII;132314;DIEZ CON 00
08.18;RUcord de Asistencia (ASCENSO);2.50;OFICINA DE PERSONAL;VIII;132314;DOS CON 50
08.20;Certificados de Rentas Percibidas (anual);2.50;OFICINA DE PERSONAL;VIII;132314;DOS CON 50
08.21;Desc.por planilla, por montos no especificados;1.00;OFICINA DE PERSONAL;VIII;132314;
08.22;Unidad de Capacitaci_n - OPER;1.00;OFICINA DE PERSONAL/CAPACITACION;VIII;133312;
08.23;Bases Concurso P·blico Plazas Administrativas;40.00;OFICINA DE PERSONAL;VIII;132317;CUARENTA CON 00
08.24;Duplicado de Fotochek / Veces siguientes;15.00;OFICINA DE PERSONAL;VIII;132314;QUINCE CON 00
08.25;Bases Concurso plaza Vacantes Modal. Contrato;40.00;OFICINA DE PERSONAL;VIII;1333199;CUARENTA CON 00
08.26;Curso Laboratorio de Quimica;25.00;OFICINA DE PERSONAL;VIII;133315;VEINTE CON 00
09.01;Extracci_n Dental alumnos;5.00;O.B.U.Y.A.E;IX;133412;CINCO CON 00
09.02;Extracci_n Dental Docentes, No Docentes;7.00;O.B.U.Y.A.E;IX;133412;SIETE CON 00
09.03;Curaci_n dental alumnos con amalgama;8.00;O.B.U.Y.A.E;IX;133412;OCHO CON 00
09.04;Curaci_n dental Docentes y No Docentes c/amalg;10.00;O.B.U.Y.A.E;IX;133412;DIEZ CON 00
09.05;Curaci_n dental Familiares;12.00;O.B.U.Y.A.E;IX;133412;DOCE CON 00
09.06;Curaci_n dental con luz hal_gena Alumnos;18.00;O.B.U.Y.A.E;IX;133412;DIECIOCHO CON 00
09.07;Destarraje y profilaxia alumnos;5.00;O.B.U.Y.A.E;IX;133412;CINCO CON 00
09.08;Destarraje y profilaxia Docentes, No Docentes;10.00;O.B.U.Y.A.E;IX;133412;DIEZ CON 00
09.09;Certificado MUdico (Bachillerato: FIC, otros;10.00;O.B.U.Y.A.E;IX;132314;DIEZ CON 00
09.10;Certificado MUdico (traslado interno);3.00;O.B.U.Y.A.E;IX;132314;TRES CON 00
09.11;Consulta Alumnos;1.00;O.B.U.Y.A.E;IX;132314;UNO CON 00
09.12;Consulta Docentes y Administrativos;2.00;O.B.U.Y.A.E;IX;132314;DOS CON 00
09.13;Consulta Familiares;5.00;O.B.U.Y.A.E;IX;132314;CINCO CON 00
09.14;Ba±os infrarrojos Alumnos;1.00;O.B.U.Y.A.E;IX;133411;UNO CON 00
09.15;Ba±os infrarrojos Docentes y Administrativo;3.00;O.B.U.Y.A.E;IX;133411;TRES CON 00
09.16;T_pico inyectables im y iv incluido jeringa;1.00;O.B.U.Y.A.E;IX;133411;UNO CON 00
09.17;T_pico inyectables im y iv incluido jeringa;2.00;O.B.U.Y.A.E;IX;133411;DOS CON 00
09.18;T_pico inyectables im y iv incluido jeringa;3.00;O.B.U.Y.A.E;IX;133411;TRES CON 00
09.19;VENOCLISIS: Alumnos;3.00;O.B.U.Y.A.E;IX;133411;TRES CON 00
09.20;VENOCLISIS: Docentes y Administrativos;6.00;O.B.U.Y.A.E;IX;133411;SEIS CON 00
09.21;VENOCLISIS: Familiares;10.00;O.B.U.Y.A.E;IX;133411;DIEZ CON 00
09.22;CURACIONES: Alumnos;2.00;O.B.U.Y.A.E;IX;133411;DOS CON 00
09.23;CURACIONES: Docentes y Administrativos;5.00;O.B.U.Y.A.E;IX;133411;CINCO CON 00
09.24;CURACIONES: Familiares;4.00;O.B.U.Y.A.E;IX;133411;CUATRO CON 00
09.25;RETIRO DE PUNTOS: Alumnos;3.00;O.B.U.Y.A.E;IX;133411;TRES CON 00
09.26;RETIRO DE PUNTOS: Docentes y Administrativo;5.00;O.B.U.Y.A.E;IX;133411;CINCO CON 00
09.27;RETIRO DE PUNTOS: Familiares;4.00;O.B.U.Y.A.E;IX;133411;CUATRO CON 00
09.28;DETERMINACION DE GLUCOSA: Alumnos;2.50;O.B.U.Y.A.E;IX;133411;DOS CON 50
09.29;DETERMINACION DE GLUCOSA: Docentes y Administ.;3.00;O.B.U.Y.A.E;IX;133411;TRES CON 00
09.30;DETERMINACION DE GLUCOSA: Familiares;3.00;O.B.U.Y.A.E;IX;133411;TRES CON 00
09.31;DEBRIDACION DE ABCESO: Alumnos;5.00;O.B.U.Y.A.E;IX;133411;CINCO CON 00
09.32;DEBRIDACION DE ABCESO: Docentes y Administrat.;10.00;O.B.U.Y.A.E;IX;133411;DIEZ CON 00
09.33;DEBRIDACION DE ABCESO: Familiares;5.00;O.B.U.Y.A.E;IX;133411;CINCO CON 00
09.34;CERTIFICADO DE BUENA SALUD: Ingresantes;12.00;O.B.U.Y.A.E;IX;132314;DOCE CON 00
09.35;CERTIFICADO DE BUENA SALUD: Regulares;2.00;O.B.U.Y.A.E;IX;132314;DOS CON 00
09.36;CERTIFICADO DE BUENA SALUD: Traslado Interno;2.00;O.B.U.Y.A.E;IX;132314;DOS CON 00
09.37;CERTIFICADO DE BUENA SALUD:Traslado Externo;10.00;O.B.U.Y.A.E;IX;132314;DIEZ CON 00
09.38;CERTIFICADO DE BUENA SALUD: Bachillerato;10.00;O.B.U.Y.A.E;IX;132314;DIEZ CON 00
09.39;CERTIFICADO DE BUENA SALUD: Docentes y Adm.;3.00;O.B.U.Y.A.E;IX;132314;TRES CON 00
09.40;CERTIFICADO POR ENFERMEDAD: Docentes y Adm.;5.00;O.B.U.Y.A.E;IX;132314;CINCO CON 00
09.41;CERTIFICADO POR ENFERMEDAD: Certificado otros;5.00;O.B.U.Y.A.E;IX;132314;CINCO CON 00
09.42;CONSTANCIA EN GENERAL;1.00;O.B.U.Y.A.E;IX;132314;UNO CON 00
09.43;Vacaciones utiles - 2012;1.00;O.B.U.Y.A.E/VACACIONES UTILES;IX;1333199;UNO CON 00
09.44;Alquiler LOZA DEPORTIVO Shancayan/por hora;5.00;O.B.U.Y.A.E;IX;1333199;CINCO CON 00
09.45;Alquiler LOZA DEPORTIVA Shancayan/01 DYa;50.00;O.B.U.Y.A.E;IX;1333199;CINCUENTA CON 00
09.46;Solicitud Comedor Universitario;2.00;O.B.U.Y.A.E;IX;132314;DOS CON 00
09.47;Solicitud exoneraci_n Pago Matri.Caso Hnos;2.00;O.B.U.Y.A.E;IX;132314;DOS CON 00
09.48;ExamUn MUdico Usuario Comedor;2.00;O.B.U.Y.A.E/CENTRO MEDICO;IX;133411;DOS CON 00
09.49;Otros Trßmites-Solicitud OBUYAE;1.00;O.B.U.Y.A.E;IX;132314;UNO CON 00
09.50;Ficha Socioecon_mica Computarizada OBUYAE;2.00;O.B.U.Y.A.E;IX;132314;DOS CON 00
09.51;Informe Social - OBUYAE;5.00;O.B.U.Y.A.E;IX;132314;CINCO CON 00
09.52;Curaci_n con Luz Al_gena Docentes y Administ.;20.00;O.B.U.Y.A.E;IX;133412;VEINTE CON 00
09.53;Curaci_n con Luz Al_gena Familiares;20.00;O.B.U.Y.A.E;IX;133412;VEINTE CON 00
09.54;Curaci_n Dental Familiares;8.00;O.B.U.Y.A.E;IX;133412;OCHO CON 00
09.55;Seguro de Salud Universitario;1.00;O.B.U.Y.A.E;IX;1333199;UNO CON 00
09.56;Alquiler Auditorium del Comedor Universitario;1.00;O.B.U.Y.A.E;IX;1333199;
09.57;Solicitud y Constancias;1.00;O.B.U.Y.A.E;IX;132314;
10.01;Inscripci_n para ser Proveedor de la UNASAM;100.00;OFICINA DE ECONOMIA;VII;1333199;CIEN CON 00
10.02;Derecho de expediente de movilidad;5.00;OFICINA DE ECONOMIA;VII;1333199;CINCO CON 00
10.03;Alquiler de Auditorium/diario;30.00;OFICINA DE ECONOMIA;VII;1333199;TREINTA CON 00
10.04;Alquiler de equipo de sonido por hora;10.00;OFICINA DE ECONOMIA;VII;1333199;DIEZ CON 00
10.05;Venta de bienes;1.00;OFICINA DE ECONOMIA;VII;132314;
10.06;Alquiler de andamio/por dYa;20.00;OFICINA DE ECONOMIA;VII;1333199;VEINTE CON 00
10.07;Pago almuerzo por Aniversario;6.00;OFICINA DE ECONOMIA;VII;1333199;SEIS CON 00
10.08;Servicios de Taller de OASA;1.00;OFICINA DE ECONOMIA;VII;132314;
10.09;Servicio de fotocopiado;1.00;OFICINA DE ECONOMIA;VII;132314;
11.01;Otorgamiento del Grado AcadUmico de Bachiller;100.00;SECRETARIA GENERAL;XI;132313;CIEN CON 00
11.02;Otorgamiento TYtulo Profesional con TESIS;200.00;SECRETARIA GENERAL;XI;132313;DOSCIENTOS CON 00
11.03;Copia Actas de Consejo y Asamblea Universitar.;1.00;SECRETARIA GENERAL;XI;132314;UNO CON 00
11.04;Legalizaci_n Certificado Estudios Por Folio;0.50;SECRETARIA GENERAL;XI;132314;CERO CON 50
11.05;Legalizaci_n Documento de tramite Interno;0.50;SECRETARIA GENERAL;XI;132314;CERO CON 50
11.06;Legalizaci_n Libro (Actas,Bancos,Cajas,etc).;5.00;SECRETARIA GENERAL;XI;132314;CINCO CON 00
11.07;Legalizaci_n copia TYtulo y Bachiller;20.00;SECRETARIA GENERAL;XI;132314;VEINTE CON 00
11.08;Legalizaci_n copia de Resoluciones;0.50;SECRETARIA GENERAL;XI;132314;CERO CON 50
11.09;Reglamento y otros;3.00;SECRETARIA GENERAL;XI;132314;TRES CON 00
11.10;Registro por Certificado;1.00;SECRETARIA GENERAL;XI;132314;UNO CON 00
11.11;Fotostßtica por pßgina;0.10;SECRETARIA GENERAL;XI;132314;CERO CON 10
11.12;Ampliaci_n y/o Reducci_n;0.40;SECRETARIA GENERAL;XI;132314;CERO CON 40
11.13;Venta de Medalla/Titulados y Graduandos Maestr;40.00;SECRETARIA GENERAL;XI;132314;CUARENTA CON 00
11.14;Bases concurso p·blico de plazas;100.00;SECRETARIA GENERAL;XI;131912;CIEN CON 00
11.15;Reglamento para concurso de plaza docente;10.00;SECRETARIA GENERAL;XI;132314;DIEZ CON 00
11.16;Cobro de Tasas Por Colaci_n Grado Bachiller;25.00;SECRETARIA GENERAL;XI;1333199;VENTICINCO CON 00
11.17;Tasa de Colaci_n para Titulo;20.00;SECRETARIA GENERAL;XI;1333199;VEINTE CON 00
11.18;Reglamento de Estudios;3.00;SECRETARIA GENERAL;XI;132313;TRES CON 00
11.19;REGLAMENTO GENERAL  DE ELECCIONES;2.50;SECRETARIA GENERAL;XI;132317;DOS CON 50
11.20;Otorgamiento Titulo Profesional/Otra Modalidad;400.00;SECRETARIA GENERAL;XI;132313;CUATROCIENTOS CON 00
11.21;Constancia Autenticidad Stiker ANR;5.00;SECRETARIA GENERAL;XI;132313;CINCO CON 00
11.22;Cert./Cont. Autenticidad Grado Acad.o Tit.Prof;21.00;SECRETARIA GENERAL;XI;132313;VENTIUNO CON 00
11.23;Derecho Pergamino para Optar Grado de Maestro;200.00;SECRETARIA GENERAL;XI;132313;DOSCIENTOS Y 00
11.24;Colaci_n para EGRESADOS GRADO DE MAESTRO;25.00;SECRETARIA GENERAL;XI;1333199;VEINTICINCO CON 00
11.25;Constancia de Autenticidad Grado _ Titulo Prof;5.00;SECRETARIA GENERAL;XI;132313;CINCO CON 00
11.26;Alquiler Toga Interno.;5.00;SECRETARIA GENERAL;XI;1333199;CINCO CON 00
11.27;Alquiler Toga Externo;5.00;SECRETARIA GENERAL;XI;1333199;CINCO CON 00
11.28;Multa Por Alquieler Toga/Adicional Por Dia;5.00;SECRETARIA GENERAL;XI;1333199;CINCO CON 00
11.29;Certific. Firmas en Diplomas de Grado _ Titulo;20.00;SECRETARIA GENERAL;XI;132313;VEINTE CON 00
11.30;Rectificación Nombres en Grados  y Titulos C/U;10.00;SECRETARIA GENERAL;XI;131612;DIEZ CON 00
11.31;Autenticidad Certificado Estudios Post Grado;1.50;SECRETARIA GENERAL;XI;132314;UNO CON 50
11.32;Base de concurso plaza Docentes/Nombramiento;250.00;SECRETARIA GENERAL;XI;131912;DOSCIENTOS CINCUENTA CON 00
11.33;Base de Concurso plaza docentes/Contrato;50.00;SECRETARIA GENERAL;XI;131912;CINCUENTA CON 00
11.34;Base de concurso plaza Administrativo/NOMBRADO;80.00;SECRETARIA GENERAL;XI;131912;OCHENTA CON 00
11.35;Base concurso plaza Adminstrativo/CONTRATADO;40.00;SECRETARIA GENERAL;XI;131912;CUARENTA CON 00
11.36;Reglamento de Concurso Docente;12.00;SECRETARIA GENERAL;XI;131912;DOCE CON 00
11.37;Reglamento de Concurso Administrativo;10.00;SECRETARIA GENERAL;XI;131912;DIEZ CON 00
11.38;Recurso de Reconsideraci_n;30.00;SECRETARIA GENERAL;XI;132314;TREINTA CON 00
11.39;Recurso de Apelaci_n;40.00;SECRETARIA GENERAL;XI;132314;CUARENTA CON 00
11.40;Multa por Alquiler de TOGA;5.00;SECRETARIA GENERAL;XI;1333199;CINCO CON 00
11.41;Recurso de Queja;20.00;SECRETARIA GENERAL;XI;132314;VEINTE CON 00
11.42;Recurso de Revisi_n;50.00;SECRETARIA GENERAL;XI;132314;CINCUENTA CON 00
11.44;Reintegro Diploma Titulo Profesional/Llenado;100.00;SECRETARIA GENERAL;XI;132313;CIEN CON 00
11.45;EXPEDICION DUPLICADO TITULO PROFESIONAL;1000.00;SECRETARIA GENERAL;XI;132313;UN MIL CON 00
12.01;Constancia de matricula;5.00;FACULTAD INDUSTRIAS ALIMENTARIAS;XII;132313;CINCO CON 00
12.02;Constancia de ser alumno de la FIIA;5.00;FACULTAD INDUSTRIAS ALIMENTARIAS;XII;132313;CINCO CON 00
12.03;Constancia de ingreso;5.00;FACULTAD INDUSTRIAS ALIMENTARIAS;XII;132313;CINCO CON 00
12.04;Constancia de notas por semestre;3.00;FACULTAD INDUSTRIAS ALIMENTARIAS;XII;132313;TRES CON 00
12.05;Constancia de semestre acadUmico;2.00;FACULTAD INDUSTRIAS ALIMENTARIAS;XII;132313;DOS CON 00
12.06;Constancia de notas para egresados;2.00;FACULTAD INDUSTRIAS ALIMENTARIAS;XII;132313;DOS CON 00
12.07;Constancia/cursos aprobados por semestre;0.50;FACULTAD INDUSTRIAS ALIMENTARIAS;XII;132313;CERO CON 50
12.08;Constancia/pertenecer al tercio superior;10.00;FACULTAD INDUSTRIAS ALIMENTARIAS;XII;132313;DIEZ CON 00
12.09;Constancia de otra Yndole;1.50;FACULTAD INDUSTRIAS ALIMENTARIAS;XII;132313;UNO CON 50
12.10;Constancia para docentes;3.00;FACULTAD INDUSTRIAS ALIMENTARIAS;XII;132314;TRES CON 00
12.11;Constancia y diploma de egresado;10.00;FACULTAD INDUSTRIAS ALIMENTARIAS;XII;132313;DIEZ CON 00
12.12;Constancia de Reserva de matricula;10.00;FACULTAD INDUSTRIAS ALIMENTARIAS;XII;132313;DIEZ CON 00
12.13;Constancia de egresado;15.00;FACULTAD INDUSTRIAS ALIMENTARIAS;XII;132313;QUINCE CON 00
12.14;Constancia de aprobaci_n de tesis;5.00;FACULTAD INDUSTRIAS ALIMENTARIAS;XII;132313;CINCO CON 00
12.15;Constancia de estudios;5.00;FACULTAD INDUSTRIAS ALIMENTARIAS;XII;132313;CINCO CON 00
12.16;Constancia de no adeudar bienes;2.00;FACULTAD INDUSTRIAS ALIMENTARIAS;XII;132313;DOS CON 00
12.17;Constancia de autorizaci_n del Consejo de;50.00;FACULTAD INDUSTRIAS ALIMENTARIAS;XII;132313;CINCUENTA CON 00
12.18;Carnet Biblioteca Especializada;5.00;FACULTAD INDUSTRIAS ALIMENTARIAS;XII;132311;CINCO CON 00
12.19;Canje carnet Biblioteca Especializada;5.00;FACULTAD INDUSTRIAS ALIMENTARIAS;XII;132311;CINCO CON 00
12.20;Duplicado carnet Biblioteca Especializada;10.00;FACULTAD INDUSTRIAS ALIMENTARIAS;XII;132311;DIEZ CON 00
12.21;Expedici_n de syllabus por curso;1.50;FACULTAD INDUSTRIAS ALIMENTARIAS;XII;132314;UNO CON 50
12.22;Examen de subsanaci_n;5.00;FACULTAD INDUSTRIAS ALIMENTARIAS;XII;133315;CINCO CON 00
12.23;Ficha de matrYcula;5.00;FACULTAD INDUSTRIAS ALIMENTARIAS;XII;1333199;CINCO CON 00
12.24;Carta de presentaci_n prßcticas Pre Profesion.;5.00;FACULTAD INDUSTRIAS ALIMENTARIAS;XII;1333199;CINCO CON 00
12.25;Matricula alumnos con ponderados menor de;8.00;FACULTAD INDUSTRIAS ALIMENTARIAS;XII;132317;OCHO CON 00
12.26;Matricula extemporanea;6.00;FACULTAD INDUSTRIAS ALIMENTARIAS;XII;132317;SEIS CON 00
12.27;CONACYTA FIIA 2011;1.00;FACULTAD INDUSTRIAS ALIMENTARIAS;XII;132314;UNO CON 00
12.28;Serv. Administ. y/o acadUmicos para el alumno;1.00;FACULTAD INDUSTRIAS ALIMENTARIAS;XII;133315;CINCO CON 00
12.29;Syllabus de convalidaci_n;1.00;FACULTAD INDUSTRIAS ALIMENTARIAS;XII;1333199;UNO CON 00
12.30;PrUstamo syllabus para fotocopiar c/curso;1.00;FACULTAD INDUSTRIAS ALIMENTARIAS;XII;1333199;UNO CON 00
12.31;Reserva de matrYcula por semestre;20.00;FACULTAD INDUSTRIAS ALIMENTARIAS;XII;133315;VEINTE CON 00
12.32;Reincorporaci_n con reserva de matricula;1.00;FACULTAD INDUSTRIAS ALIMENTARIAS;XII;133315;UNO CON 00
12.33;Reincorporaci_n sin reserva matricula 3% UIT;108.00;FACULTAD INDUSTRIAS ALIMENTARIAS;XII;133315;CIENTO SEIS CON 50
12.34;Traslado de matrYcula interno;100.00;FACULTAD INDUSTRIAS ALIMENTARIAS;XII;133315;CIEN CON 00
12.35;Traslado de matrYcula externo;150.00;FACULTAD INDUSTRIAS ALIMENTARIAS;XII;133315;CIENTO CINCUENTA  CON 00
12.36;Retrazo devoluci_n libro Biblioteca/dYa;0.50;FACULTAD INDUSTRIAS ALIMENTARIAS;XII;1333199;CERO CON 50
12.37;Trucha (por kilo);8.00;FACULTAD INDUSTRIAS ALIMENTARIAS;XII;1311199;OCHO CON 00
12.38;Miel de Abeja(por kilo) Dscto.por planilla;1.00;FACULTAD INDUSTRIAS ALIMENTARIAS;XII;1311199;
12.39;Gelatina;0.80;FACULTAD INDUSTRIAS ALIMENTARIAS;XII;132314;CERO CON 80
12.40;Alquiler del CafetYn (en dolares)/ Mensual;1.00;FACULTAD INDUSTRIAS ALIMENTARIAS;XII;1333199;
12.41;Alquiler de computadora (por hora);1.00;FACULTAD INDUSTRIAS ALIMENTARIAS;XII;1333199;UNO CON 00
12.42;Curso de Computaci_n (utilitarios);20.00;FACULTAD INDUSTRIAS ALIMENTARIAS;XII;133313;VEINTE CON 00
12.43;Curso de Computaci_n (DOS);20.00;FACULTAD INDUSTRIAS ALIMENTARIAS;XII;133313;VEINTE CON 00
12.44;Curso de Computaci_n (Word Perfect);40.00;FACULTAD INDUSTRIAS ALIMENTARIAS;XII;133313;CUARENTA CON 00
12.45;Curso de Computaci_n (QPRO);25.00;FACULTAD INDUSTRIAS ALIMENTARIAS;XII;133313;VEINTICINCO CON 00
12.46;Copias Fotostßticas;0.10;FACULTAD INDUSTRIAS ALIMENTARIAS;XII;132314;CERO CON 10
12.46;Impresiones de cuadro mediano;0.60;FACULTAD INDUSTRIAS ALIMENTARIAS;XII;132314;CERO CON 60
12.47;Impresi_n en papel de 60 grs;0.10;FACULTAD INDUSTRIAS ALIMENTARIAS;XII;132314;CERO CON 10
12.47;Impresiones de cuadro chico;0.40;FACULTAD INDUSTRIAS ALIMENTARIAS;XII;132314;CERO CON 40
12.48;Impresi_n en papel de 80 grs;0.20;FACULTAD INDUSTRIAS ALIMENTARIAS;XII;132314;CERO CON 20
12.48;Almid_n;25.00;FACULTAD IND. ALIM./LABORATORIO;XII;133923;VEINTICINCO CON 00
;Acidez Titulables;0.40;FACULTAD INDUSTRIAS ALIMENTARIAS;XII;132314;CERO CON 40
12.50;Acidez  total;16.00;FACULTAD IND. ALIM./LABORATORIO;XII;133923;DIECISEIS CON 00
12.51;Cenizas;27.00;FACULTAD INDUSTRIAS ALIMENTARIAS;XII;132314;VEINTISIETE  CON 00
12.52;Cenizas;27.00;FACULTAD IND. ALIM./LABORATORIO;XII;133923;VEINTISIETE CON 00
12.52;Impresiones de cuadro grande;0.80;FACULTAD INDUSTRIAS ALIMENTARIAS;XII;132314;CERO CON 80
12.52;Densidad de leche;13.00;FACULTAD IND. ALIM./LABORATORIO;XII;133923;TRECE CON 00
12.53;Grasa;49.00;FACULTAD IND. ALIM./LABORATORIO;XII;133923;CUARENTINUEVE CON 00
12.54;Indice de refracci_n;12.00;FACULTAD IND. ALIM./LABORATORIO;XII;133923;DOCE CON 00
12.55;Humedad;26.00;FACULTAD IND. ALIM./LABORATORIO;XII;133923;VEINTISEIS CON 00
12.56;Indice de saponificaci_n;1.00;FACULTAD IND. ALIM./LABORATORIO;XII;133923;UNO CON 00
12.57;Grado alcoh_lico;1.00;FACULTAD IND. ALIM./LABORATORIO;XII;133923;UNO CON 00
12.58;Grasa en leche fresca;1.00;FACULTAD IND. ALIM./LABORATORIO;XII;133923;UNO CON 00
12.59;Anßlisis organolUptico;1.00;FACULTAD IND. ALIM./LABORATORIO;XII;133923;UNO CON 00
12.60;Grasa en queso;1.00;FACULTAD IND. ALIM./LABORATORIO;XII;133923;UNO CON 00
12.61;Gluten;1.00;FACULTAD IND. ALIM./LABORATORIO;XII;133923;UNO CON 00
12.62;Proteina;1.00;FACULTAD IND. ALIM./LABORATORIO;XII;133923;UNO CON 00
12.63;Preparación de Reactivos / Litro;30.00;FACULTAD IND. ALIM./LABORATORIO;XII;133923;TREINTA CON 00
12.64;Solidos solubles  grado Brix;13.00;FACULTAD IND. ALIM./LABORATORIO;XII;133923;TRECE CON 00
12.65;Densidad;12.00;FACULTAD IND. ALIM./LABORATORIO;XII;133923;DOCE CON 00
12.66;Indice de Iodo;1.00;FACULTAD IND. ALIM./LABORATORIO;XII;133923;UNO CON 00
12.67;Solidos Totales;26.00;FACULTAD IND. ALIM./LABORATORIO;XII;133923;VEINTISEIS CON 00
12.68;Benzoato de Sodio;1.00;FACULTAD IND. ALIM./LABORATORIO;XII;133923;UNO CON 00
12.69;Peso Especifico;1.00;FACULTAD IND. ALIM./LABORATORIO;XII;133923;UNO CON 00
12.70;Determinación de pH;1.00;FACULTAD IND. ALIM./LABORATORIO;XII;133923;UNO CON 00
12.71;Determinación de sal;1.00;FACULTAD IND. ALIM./LABORATORIO;XII;133923;UNO CON 00
12.72;Carbohidratos;1.00;FACULTAD IND. ALIM./LABORATORIO;XII;133923;UNO CON 00
12.73;Servicios academicos;1.00;FACULTAD INDUSTRIAS ALIMENTARIAS;XII;133315;UNO CON 00
12.74;Servicios de laboratorio FIIA;1.00;FACULTAD INDUSTRIAS ALIMENTARIAS;XII;133923;UNO CON 00
12.76;Examen Aplazados Por Asignatura;5.00;FACULTAD INDUSTRIAS ALIMENTARIAS;XII;133315;CINCO CON 00
12.77;Bases de Concurso Jefe Prßcticas FIIA;50.00;FACULTAD INDUSTRIAS ALIMENTARIAS;XII;131912;CINCUENTA CON 00
12.78;Duplicado de Informe TUcnico Analisis;10.00;FACULTAD INDUSTRIAS ALIMENTARIAS;XII;1333199;DIEZ CON 00
12.79;Formato Unico de Tramite-FUT;2.00;FACULTAD INDUSTRIAS ALIMENTARIAS;XII;1333199;DOS CON 00
12.80;Indice de peroxido;24.00;FACULTAD INDUSTRIAS ALIMENTARIAS;XII;133923;VEINTICUATRO CON 00
13.01;Carnet de lector cachimbos;5.00;FACULTAD CIENCIAS AMBIENTE;XIII;132311;CINCO CON 00
13.02;Carnet de lector original;5.00;FACULTAD CIENCIAS AMBIENTE;XIII;132311;CINCO CON 00
13.03;Carnet de lector duplicado;10.00;FACULTAD CIENCIAS AMBIENTE;XIII;132311;DIEZ CON 00
13.04;Carta de presentaci_n: Docente, no docente;5.00;FACULTAD CIENCIAS AMBIENTE;XIII;132313;CINCO CON 00
13.05;Carta de presentaci_n: Alumnos;5.00;FACULTAD CIENCIAS AMBIENTE;XIII;132313;CINCO CON 00
13.06;Certificado de haber culminado estudios;20.00;FACULTAD CIENCIAS AMBIENTE;XIII;132313;VEINTE CON 00
13.07;Constancia de Estudios;5.00;FACULTAD CIENCIAS AMBIENTE;XIII;132313;CINCO CON 00
13.08;Constancia de notas (por semestre);3.00;FACULTAD CIENCIAS AMBIENTE;XIII;132313;TRES CON 00
13.09;Constancia de trabajo: Docente, no docente;2.00;FACULTAD CIENCIAS AMBIENTE;XIII;132313;DOS CON 00
13.10;Const. no adeudar gabinetes:fotogram/ cart.;3.00;FACULTAD CIENCIAS AMBIENTE;XIII;132313;TRES CON 00
13.11;Constancia de matrYcula normal;10.00;FACULTAD CIENCIAS AMBIENTE;XIII;132313;DIEZ CON 00
13.12;Constancia de egresado;20.00;FACULTAD CIENCIAS AMBIENTE;XIII;132313;VEINTE CON 00
13.13;Reserva de Matricula;5.00;FACULTAD CIENCIAS AMBIENTE;XIII;132313;CINCO CON 00
13.14;Const. no adeudar a la biblioteca especializ.;3.00;FACULTAD CIENCIAS AMBIENTE;XIII;132313;TRES CON 00
13.15;Const. no adeudar al laboratorio;3.00;FACULTAD CIENCIAS AMBIENTE;XIII;132313;TRES CON 00
13.16;Constancia de Ubicaci_n por tercios;10.00;FACULTAD CIENCIAS AMBIENTE;XIII;132313;DIEZ CON 00
13.17;Derecho de segunda matricula por curso;2.00;FACULTAD CIENCIAS AMBIENTE;XIII;133315;DOS CON 00
13.18;Derecho de tercera matrYcula por curso;4.00;FACULTAD CIENCIAS AMBIENTE;XIII;133315;CUATRO CON 00
13.19;Derecho de cuarta matrYcula por curso;5.00;FACULTAD CIENCIAS AMBIENTE;XIII;133315;CINCO CON 00
13.20;Derecho de constancia de matrYcula anterio;2.00;FACULTAD CIENCIAS AMBIENTE;XIII;133315;DOS CON 00
13.21;Derecho de matrYcula rezagados;5.00;FACULTAD CIENCIAS AMBIENTE;XIII;133315;CINCO CON 00
13.22;Derecho reingreso con reserva de matrYcula;6.00;FACULTAD CIENCIAS AMBIENTE;XIII;133315;SEIS CON 00
13.23;Derecho reingreso sin reserva de matrYcula;10.00;FACULTAD CIENCIAS AMBIENTE;XIII;133315;DIEZ CON 00
13.24;Derecho de reserva de matrYcula;20.00;FACULTAD CIENCIAS AMBIENTE;XIII;133315;VEINTE CON 00
13.25;Diploma de egresado;15.00;FACULTAD CIENCIAS AMBIENTE;XIII;132313;QUINCE CON 00
13.26;Perfil curricular;4.00;FACULTAD CIENCIAS AMBIENTE;XIII;1333199;CUATRO CON 00
13.27;Sillabus (duplicado);2.00;FACULTAD CIENCIAS AMBIENTE;XIII;1333199;DOS CON 00
13.28;Separatas (a partir de 10 hojas);2.50;FACULTAD CIENCIAS AMBIENTE;XIII;132314;DOS CON 50
13.29;No devoluci_n de libros (por dYa);3.00;FACULTAD CIENCIAS AMBIENTE;XIII;1333199;TRES CON 50
13.30;Traslado interno de alumnos;100.00;FACULTAD CIENCIAS AMBIENTE;XIII;132313;CIEN CON 00
13.31;Traslado externo de alumnos;150.00;FACULTAD CIENCIAS AMBIENTE;XIII;132313;CIENTO CINCUENTA CON 00
13.32;Bases de concurso Docentes;50.00;FACULTAD CIENCIAS AMBIENTE;XIII;132317;CINCUENTA CON 00
13.33;Bases de concurso No docentes;20.00;FACULTAD CIENCIAS AMBIENTE;XIII;131912;VEINTE CON 00
13.34;Duplicado de Syllabus para traslado;1.00;FACULTAD CIENCIAS AMBIENTE;XIII;132314;UNO CON 00
13.35;Medalla de graduaci_n;25.00;FACULTAD CIENCIAS AMBIENTE;XIII;1333199;VEINTICINCO CON 00
13.36;Reglamento de Grados y TYtulos;4.00;FACULTAD CIENCIAS AMBIENTE;XIII;132314;CUATRO CON 00
13.37;ANALISIS DE AGUA: FYsico-QuYmico;25.00;FACULTAD CIENCIAS AMBIENTE/LABOR;XIII;133923;VEINTICINCO CON 00
13.38;ANALISIS DE AGUA: Bacteriol_gico;25.00;FACULTAD CIENCIAS AMBIENTE/LABOR;XIII;133923;VEINTICINCO CON 00
13.39;ANALISIS DE AGUA: FYsico-QuYmico y Bactereolog;1.00;FACULTAD CIENCIAS AMBIENTE/LABOR;XIII;133923;UNO CON 00
13.40;CULTIVOS Coprocultivo (Salmonella, Shiguel;20.00;FACULTAD CIENCIAS AMBIENTE/LABOR;XIII;133923;VEINTE CON 00
13.41;CULTIVOS: Urocultivo + Sedimento Urinario;20.00;FACULTAD CIENCIAS AMBIENTE/LABOR;XIII;133923;VEINTE CON 00
13.42;CULTIVOS: Rotavirus (ELISA);20.00;FACULTAD CIENCIAS AMBIENTE/LABOR;XIII;133923;VEINTE CON 00
13.43;CULTIVOS: Cultivo de secreciones;20.00;FACULTAD CIENCIAS AMBIENTE/LABOR;XIII;133923;VEINTE CON 00
13.44;CULTIVOS: Microbiol_gico de alimentos;50.00;FACULTAD CIENCIAS AMBIENTE/LABOR;XIII;133923;CINCUENTA CON 00
13.45;ANALISIS BIOQUIMICOS DE SANGRE: Glucosa;7.00;FACULTAD CIENCIAS AMBIENTE/LABOR;XIII;133923;SIETE CON 00
13.46;ANALISIS BIOQUIMICOS DE SANGRE: Colesterol;7.00;FACULTAD CIENCIAS AMBIENTE/LABOR;XIII;133923;SIETE CON 00
13.47;ANALISIS BIOQUIMICOS DE SANGRE: Urea;7.00;FACULTAD CIENCIAS AMBIENTE/LABOR;XIII;133923;SIETE CON 00
13.48;ANALISIS BIOQUIMICOS DE SANGRE: Creatinin;7.00;FACULTAD CIENCIAS AMBIENTE/LABOR;XIII;133923;SIETE CON 00
13.49;ANALISIS BIOQUIMICOS DE SANGRE: Transamin;7.00;FACULTAD CIENCIAS AMBIENTE/LABOR;XIII;133923;SIETE CON 00
13.50;ANALISIS BIOQUIMICOS DE SANGRE: Amilasa;7.00;FACULTAD CIENCIAS AMBIENTE/LABOR;XIII;133923;SIETE CON 00
13.51;HEMOOGRAMA: Microhematocrito + Hemoglobina;5.00;FACULTAD CIENCIAS AMBIENTE/LABOR;XIII;133923;CINCO CON 00
13.52;HEMOOGRAMA: Recuentos de gl_bulos blancos;5.00;FACULTAD CIENCIAS AMBIENTE/LABOR;XIII;133923;CINCO CON 00
13.53;HEMOOGRAMA: Hemograma;5.00;FACULTAD CIENCIAS AMBIENTE/LABOR;XIII;133923;CINCO CON 00
13.54;HEMOOGRAMA: Microhematocrito+Rto G blanco;10.00;FACULTAD CIENCIAS AMBIENTE/LABOR;XIII;133923;DIEZ CON 00
13.55;HEMOOGRAMA: Recuento de plaquetas;6.00;FACULTAD CIENCIAS AMBIENTE/LABOR;XIII;133923;SEIS CON 00
13.56;HEMOOGRAMA: Aglutinaciones (AntYgenos febr;7.00;FACULTAD CIENCIAS AMBIENTE/LABOR;XIII;133923;SIETE CON 00
13.57;HEMOOGRAMA: Grupo y factor sanguYneo;7.00;FACULTAD CIENCIAS AMBIENTE/LABOR;XIII;133923;SIETE CON 00
13.58;ORINA: Diagn_stico del embarazo;8.00;FACULTAD CIENCIAS AMBIENTE/LABOR;XIII;133923;OCHO CON 00
13.59;ORINA: Sedimento urinario + bioquYmico;10.00;FACULTAD CIENCIAS AMBIENTE/LABOR;XIII;133923;DIEZ CON 00
13.60;Servicios Academicos/FCAM;1.00;FACULTAD CIENCIAS AMBIENTE;XIII;133315;UNO CON 00
13.61;Examen Aplazados Por Asignatura;5.00;FACULTAD CIENCIAS AMBIENTE;XIII;133313;CINCO CON 00
13.62;Analisis de aguas;1.00;FACULTAD CIENCIAS AMBIENTE/LABOR;XIII;133923;UNO CON 00
13.63;Analisis Microbiologicos de Alimentos;1.00;FACULTAD CIENCIAS AMBIENTE/LABOR;XIII;133923;UNO CON 00
13.64;Constancia de Laboratorio de BiologYa;5.00;FACULTAD CIENCIAS AMBIENTE;XIII;132313;CINCO CON 00
13.65;Reincorporaci_n 3% UIT Sin Reserva/A±o FCAM;108.00;FACULTAD CIENCIAS AMBIENTE;XIII;133315;CIENTO OCHO CON 00
13.66;Servicios de Internet FCAM;1.00;FACULTAD CIENCIAS AMBIENTE;XIII;1332299;
13.67;Venta de Plantones/FUNDO TUYU RURI;1.00;FAC. CIENCIAS AMBIENTE/TUYU RURI;XIII;1311199;
13.69;PAGO/MONITOREO DE AGUAS Y AIRE PARA ANTAMINA;1.00;FACULTAD CIENCIAS AMBIENTE;XIII;133923;
13.70;Venta de animales menores;1.00;FAC. CIENCIAS AMBIENTE/TUYU RURI;XIII;1311199;
14.01;SEPARATAS: BiologYa;2.50;FACULTAD DE CIENCIAS;XIV;132314;DOS CON 50
14.02;SEPARATAS: EstadYstica;4.50;FACULTAD DE CIENCIAS;XIV;132314;CUATRO CON 50
14.03;SEPARATAS: QuYmica Orgßnica por cara;0.10;FACULTAD DE CIENCIAS/LAB. QUIMIC;XIV;132314;UNO CON 00
14.04;SEPARATAS: Botßnica General;3.50;FACULTAD DE CIENCIAS;XIV;132314;TRES CON 50
14.05;SEPARATAS: TeorYa y Estructura at_mica  por ca;0.10;FACULTAD DE CIENCIAS/LAB. QUIMIC;XIV;132314;CERO CON 50
14.06;SEPARATAS: Ensayos Preliminares y TUcnica  por;0.10;FACULTAD DE CIENCIAS/LAB. QUIMIC;XIV;132314;UNO CON 50
14.07;SEPARATAS: GuYa de Laboratorio de QuYmica por;0.10;FACULTAD DE CIENCIAS/LAB. QUIMIC;XIV;132314;UNO CON 50
14.08;SEPARATAS: GuYa de Laboratorio o separatas por;0.10;FACULTAD DE CIENCIAS/LAB. QUIMIC;XIV;132314;CERO CON 10
14.09;SEPARATAS: GuYa de laboratorio de QuYmica por;0.10;FACULTAD DE CIENCIAS/LAB. QUIMIC;XIV;132314;UNO CON 50
14.10;SEPARATAS: Manual de Lab de QuYmica II (I por;0.10;FACULTAD DE CIENCIAS/LAB. QUIMIC;XIV;132314;DOS CON 50
14.11;Formato para trßmite documento (solicitud);2.00;FACULTAD DE CIENCIAS;XIV;132314;DOS CON 00
14.12;Visado de documentos;1.00;FACULTAD DE CIENCIAS;XIV;133315;UNO CON 00
14.13;Recuperaci_n prßctica de laboratorio FISICA;5.00;FACULTAD DE CIENCIAS/LAB. FISICA;XIV;133315;CINCO CON 00
14.14;Constancia para Docentes;2.50;FACULTAD DE CIENCIAS;XIV;132314;DOS CON 50
14.15;Constancia de otra Yndole;5.00;FACULTAD DE CIENCIAS;XIV;132314;CINCO CON 00
14.16;Duplicado de Syllabus/curso;2.00;FACULTAD DE CIENCIAS;XIV;132314;DOS CON 00
14.17;Reglamento de estudios;1.00;FACULTAD DE CIENCIAS;XIV;132314;UNO CON 00
14.18;Syllabus/curso FC;2.00;FACULTAD DE CIENCIAS;XIV;1333199;DOS CON 00
14.19;Constancia de LABORATORIO DE QUIMICA;2.00;FACULTAD DE CIENCIAS/LAB. QUIMIC;XIV;132313;DOS CON 00
14.20;Examen de Aplazados por Asignatura;5.00;FACULTAD DE CIENCIAS;XIV;133315;CINCO CON 00
14.21;Servicios AcadUmicos;1.00;FACULTAD DE CIENCIAS;XIV;133315;
14.22;Cursos de Capacitaci_n en Computaci_n;1.00;FACULTAD DE CIENCIAS;XIV;133313;
14.23;Constancia Laboratorio de Fisica;2.00;FACULTAD DE CIENCIAS/LAB. FISICA;XIV;132313;DOS CON 00
14.24;Recuperacion Practicas de Laboratorio FYsica;5.00;FACULTAD DE CIENCIAS/LAB. FISICA;XIV;133315;CINCO CON 00
14.25;Constancia Laboratorio de BiologYa;2.00;FACULTAD DE CIENCIAS;XIV;132313;DOS CON 00
14.26;Inscripci_n al I Seminario Internacional;1.00;FACULTAD DE CIENCIAS;XIV;133312;UNO CON 00
14.27;Certificado por Curso de Capacitaci_n FC.;5.00;FACULTAD DE CIENCIAS;XIV;132313;CINCO CON 00
14.28;Reincorporaci_n Sin/Reserv. 3% UIT FC;108.00;FACULTAD DE CIENCIAS;XIV;133315;CIENTO OCHO CON 00
14.29;Concurso para Docentes de la Fac. de Ciencias;50.00;FACULTAD DE CIENCIAS;XIV;132317;CIENCUENTA CON 00
14.30;Carnet de Biblioteca Especializada FC.;5.00;FACULTAD DE CIENCIAS;XIV;132313;CINCO CON 00
14.31;Retencion de carnet de Biblioteca;3.00;FACULTAD DE CIENCIAS;XIV;132311;TRES CON 00
14.32;Matricula Traslado Interno;100.00;FACULTAD DE CIENCIAS;XIV;133315;CIEN CON 00
14.33;Matricula Traslado Externo;150.00;FACULTAD DE CIENCIAS;XIV;133315;CIENTO CINCUENTA CON 00
14.34;Record de Notas Por Semestre;3.00;FACULTAD DE CIENCIAS;XIV;133315;TRES CON 00
14.35;Constancia de Egresado de Pre Grado;15.00;FACULTAD DE CIENCIAS;XIV;132313;QUINCE CON 00
14.36;Reserva de Matricula por Semestre;20.00;FACULTAD DE CIENCIAS;XIV;132313;VEINTE CON 00
14.50;Guias de prßcticas de Laboratorio de FYsica;0.50;FACULTAD DE CIENCIAS/LAB. FISICA;XIV;132314;CERO CON 50
14.51;Constancia no adeudar Bienes Laborat. FYsica;2.00;FACULTAD DE CIENCIAS/LAB. FISICA;XIV;132313;DOS CON 00
14.52;Servicio de Laboratorio FYsica;1.00;FACULTAD DE CIENCIAS/LAB. FISICA;XIV;133315;
14.53;Costancia de Egresado FC;15.00;FACULTAD DE CIENCIAS;XIV;132313;QUINCE CON 00
14.54;Recuperaci_n de Pract.Laboratorio de QuYmica;5.00;FACULTAD DE CIENCIAS/LAB. QUIMIC;XIV;133315;CINCO CON 00
14.55;Reposici_n de materiales de Laboratorio de Qui;1.00;FACULTAD DE CIENCIAS/LAB. QUIMIC;XIV;133315;CINCO CON 00
14.56;Recuperaci_n Pract. Laboratorio de BiologYa;5.00;FACULTAD DE CIENCIAS/LAB. BIOLOG;XIV;133315;CINCO CON 00
14.57;GUIAS DE LABORATORIO DE FISICA;0.50;FACULTAD DE CIENCIAS/LAB. FISICA;XIV;132314;CERO CON 50
15.01;Constancia de Estudios FCM;5.00;FACULTAD DE CIENCIAS MEDICAS;XV;132313;CINCO CON 00
15.02;Constancia de notas por semestre;3.00;FACULTAD DE CIENCIAS MEDICAS;XV;132313;TRES CON 00
15.03;Constancia de notas para egresados;2.00;FACULTAD DE CIENCIAS MEDICAS;XV;132313;DOS CON 00
15.04;Constancia/cursos aprobados por semestre;0.50;FACULTAD DE CIENCIAS MEDICAS;XV;132313;CERO CON 50
15.05;Constancia de pertenecer al tercio superior;10.00;FACULTAD DE CIENCIAS MEDICAS;XV;132313;DIEZ CON 00
15.06;Constancia de otra Yndole;1.50;FACULTAD DE CIENCIAS MEDICAS;XV;132313;UNO CON 50
15.07;Constancia para docentes;3.00;FACULTAD DE CIENCIAS MEDICAS;XV;132313;TRES CON 00
15.08;Reserva de matricula;20.00;FACULTAD DE CIENCIAS MEDICAS;XV;133315;VEINTE CON 00
15.09;Reincorporaci_n con reserva de matricula;1.00;FACULTAD DE CIENCIAS MEDICAS;XV;133315;UNO CON 00
15.10;Reincorporaci_n sin reserva de matricula;108.00;FACULTAD DE CIENCIAS MEDICAS;XV;133315;CIENTO OCHO CON 00
15.11;Expedici_n de syllabus por curso;1.50;FACULTAD DE CIENCIAS MEDICAS;XV;132314;UNO CON 50
15.12;PrUstamo syllabus para fotocopiar/curso;1.00;FACULTAD DE CIENCIAS MEDICAS;XV;132314;UNO CON 00
15.13;Constancia de Egresado -Primera Vez;20.00;FACULTAD DE CIENCIAS MEDICAS;XV;132313;VEINTE CON 00
15.14;Constancia de Egresado - Segunda Vez;30.00;FACULTAD DE CIENCIAS MEDICAS;XV;132313;TREINTA CON 00
15.15;Constancia y Diploma de Egresado 1era. Vez;20.00;FACULTAD DE CIENCIAS MEDICAS;XV;132313;VEINTE CON 00
15.16;Matricula alumnos con ponderado menor de 2;8.00;FACULTAD DE CIENCIAS MEDICAS;XV;132317;OCHO CON 00
15.17;Examen de subsanaci_n;5.00;FACULTAD DE CIENCIAS MEDICAS;XV;133315;CINCO CON 00
15.18;Servicio Administrativo y/o acadUmico (Alumno);1.00;FACULTAD DE CIENCIAS MEDICAS;XV;133315;DOS CON 00
15.20;Examen Aplazados Por Asignatura;5.00;FACULTAD DE CIENCIAS MEDICAS;XV;133315;CINCO CON 00
15.21;Ing. por servicio de laboratorio/analisis;1.00;FACULTAD DE CIENCIAS MEDICAS;XV;133315;
15.22;Ingresos Instituto de Investigaci_n FCM;1.00;FAC.CIENCIAS MEDICAS/INST.INVEST;XV;133313;
15.23;Matricula TRaslado Interno;100.00;FACULTAD DE CIENCIAS MEDICAS;XV;133315;CIEN CON 00
15.24;Matricula Traslado Externo;150.00;FACULTAD DE CIENCIAS MEDICAS;XV;133315;CIENTO CINCUENTA CON 00
15.25;Formato Unico de Tramite FCM.;2.00;FACULTAD DE CIENCIAS MEDICAS;XV;1333199;DOS CON 00
15.26;Constancia No Adeudo Biblioteca Especializada;2.00;FACULTAD DE CIENCIAS MEDICAS;XV;132313;DOS CON 00
15.27;Titulaci_n Examen Suficiencias Profesional FCM;1.00;FAC.C.MEDICAS/COMITE GRADOS TIT.;XV;133313;
15.28;Const. Pract.Pre Profesionales.(por semestres);10.00;FACULTAD DE CIENCIAS MEDICAS;XV;133315;
15.29;Constancia de Egresos FCM Primera Vez;20.00;FACULTAD MEDICAS/EVENTOS EPO-FCM;XV;132313;VEINTE CON 00
15.30;CARNET BIBLIOTECA ESPECIALIZADA FCM;5.00;FACULTAD DE CIENCIAS MEDICAS;XV;132311;CINCO CON 00
15.31;Pago por concurso a plaza de Docente FCM;50.00;FACULTAD DE CIENCIAS MEDICAS;XV;132317;CINCUENTA CON 00
16.01;Constancia de ser alumno de la FDCCPP;5.00;FACULTAD DE DERECHO;XVI;132313;CINCO CON 00
16.02;Haber Aprobado todos los CrUditos;3.00;FACULTAD DE DERECHO;XVI;132313;TRES CON 00
16.03;Record de Notas por Semestre;3.00;FACULTAD DE DERECHO;XVI;132313;TRES CON 00
16.04;Constancia de Biblioteca;3.00;FACULTAD DE DERECHO;XVI;132313;TRES CON 00
16.05;Constancia de no adeudar a la Facultad;3.00;FACULTAD DE DERECHO;XVI;132313;TRES CON 00
16.06;Const.por pertenecer al Tercio Superior;10.00;FACULTAD DE DERECHO;XVI;132313;DIEZ CON 00
16.07;Carnet de Biblioteca FDCCPP;5.00;FACULTAD DE DERECHO;XVI;132311;CINCO CON 00
16.08;Constancia de Ingreso;7.50;FACULTAD DE DERECHO;XVI;132313;SIETE CON 50
16.09;Constancia de Egreso por ·nica vez;7.50;FACULTAD DE DERECHO;XVI;132313;SIETE CON 50
16.10;Reserva de matricula;20.00;FACULTAD DE DERECHO;XVI;133315;VEINTE CON 00
16.11;Reincorporaci_n a la Facultad;7.50;FACULTAD DE DERECHO;XVI;133315;SIETE CON 50
16.12;Servicios Academicos y/o Administ por alumno;1.00;FACULTAD DE DERECHO;XVI;133315;UNO CON 00
16.13;Constancia para docentes;4.50;FACULTAD DE DERECHO;XVI;132313;CUATRO CON 50
16.14;Reglamento de Grados y TITULOS;3.00;FACULTAD DE DERECHO;XVI;132314;TRES CON 00
16.15;Reglamento de Traslados Internos;3.00;FACULTAD DE DERECHO;XVI;132314;TRES CON 00
16.16;Reglamento de Biblioteca;3.00;FACULTAD DE DERECHO;XVI;132314;TRES CON 00
16.17;Reglamento Centro prßcticas Pre-profesiona;3.00;FACULTAD DE DERECHO;XVI;132314;TRES CON 00
16.18;Reglamento de Estudios;3.00;FACULTAD DE DERECHO;XVI;132314;TRES CON 00
16.19;Retenci_n de carnet FDCCPP/por dYa;2.50;FACULTAD DE DERECHO;XVI;133315;DOS CON 50
16.20;Matriculas Centro de Prßcticas Pre Profesional;20.00;FACULTAD DE DERECHO;XVI;133313;VEINTE CON 00
16.21;Tramite de Bachillerato en la Facultad;50.00;FACULTAD DE DERECHO;XVI;133315;CINCUENTA CON 00
16.22;Tramite de titulo en la Facultad;100.00;FACULTAD DE DERECHO;XVI;133315;CIEN CON 00
16.23;Reintegro de Constancia de Biblioteca;1.00;FACULTAD DE DERECHO;XVI;132313;UNO CON 00
16.24;Examen Aplazados Por asignatura;5.00;FACULTAD DE DERECHO;XVI;133313;CINCO CON 00
16.25;Reintegro de Constancias;1.00;FACULTAD DE DERECHO;XVI;132313;UNO CON 00
16.26;Traslado interno a la FDCCPP;100.00;FACULTAD DE DERECHO;XVI;132313;CIEN CON 00
16.27;CREDITOS DESAPROBADOS POR PRIMERA VEZ;1.00;FACULTAD DE DERECHO;XVI;133315;UNO CON 00
16.28;CREDITOS DESAPROBADOS POR SEGUNDA VEZ;2.00;FACULTAD DE DERECHO;XVI;133315;DOS CON 00
16.29;CREDITOS DESAPROBADOS POR TERCERA VEZ;3.00;FACULTAD DE DERECHO;XVI;133315;TRES CON 00
16.30;CREDITOS DESAPROBADOS POR CUARTA VEZ;5.00;FACULTAD DE DERECHO;XVI;133315;CINCO CON 00
16.31;CREDITOS DESAPROBADOS POR QUINTA VEZ;10.00;FACULTAD DE DERECHO;XVI;133315;DIEZ CON 00
16.32;Por concepto de practicas Pre-Profesionales;20.00;FACULTAD DE DERECHO;XVI;133315;VEINTE CON 00
16.33;Reincorporaci_n Sin Reserva 3% UIT/A±o FDCCPP;108.00;FACULTAD DE DERECHO;XVI;133315;CIENTO OCHO CON 00
16.34;Constancia de haber aprobado todos los cursos;3.00;FACULTAD DE DERECHO;XVI;132313;TRES CON 00
16.35;Bases Concurso Docentes FDCCPP;50.00;FACULTAD DE DERECHO;XVI;132317;CINCUENTA CON 00
16.36;Constancia de Sustentaci_n;5.00;FACULTAD DE DERECHO;XVI;132313;CINCO CON 00
16.37;Covalidaci_n de Cursos Pre Grado;10.00;FACULTAD DE DERECHO;XVI;132313;DIEZ CON 00
16.38;Alquiler Auditorium de la FDCCPP;1.00;FACULTAD DE DERECHO;XVI;1333199;
16.39;Convalidaci_n de Cursos FDCCPP/por curso;10.00;FACULTAD DE DERECHO;XVI;133315;DIEZ CON 00
16.40;Formato Unico de Tramite de la FDCCPP;2.00;FACULTAD DE DERECHO;XVI;1333199;DOS CON 00
16.41;BASES DE CONSECION CAFETERIA FDCCPP;5.00;FACULTAD DE DERECHO;XVI;132317;CINCO CON 00
16.42;Ingresos centro Computo FDCCPP;1.00;FACULTAD DE DERECHO;XVI;1332299;
16.43;Alquiler de Local - CAfeteria y Otros FDCCPP;1.00;FACULTAD DE DERECHO;XVI;1332299;
17.01;Constancia de Estudios;5.00;FACULTAD DE EDUCACION;XVII;132313;CINCO CON 00
17.02;Carnet de Biblioteca Especializada;5.00;FACULTAD DE EDUCACION;XVII;132311;CINCO CON 00
17.03;Examen Aplazados Por Asigantura;5.00;FACULTAD DE EDUCACION;XVII;133313;CINCO CON 00
17.04;Ingresos Diversos;1.00;FACULTAD DE EDUCACION;XVII;133313;UNO CON 00
17.05;Record de Notas;3.00;FACULTAD DE EDUCACION;XVII;132313;TRES CON 00
17.06;Traslado Interno Facultad de Educaci_n;100.00;FACULTAD DE EDUCACION;XVII;133315;CIEN CON 00
17.07;Pago por concurso a plaza de Docente FECC;50.00;FACULTAD DE EDUCACION;XVII;132317;CINCUENTA CON 00
17.08;Docentes sin antecedentes de contrato 1999;50.00;FACULTAD DE EDUCACION;XVII;131912;CINCUENTA CON 00
17.09;Servicos AcadUmico y Administrativos FECC;1.00;FACULTAD DE EDUCACION;XVII;133315;UNO CON 00
17.10;Bases Concurso  Docentes Facultad de Educaci_n;50.00;FACULTAD DE EDUCACION;XVII;131912;CINCUENTA CON 00
17.11;Reincorporaci_n a la Facultad 3% UIT;108.00;FACULTAD DE EDUCACION;XVII;133315;CIENTO OCHO CON 00
17.12;Constancia Biblioteca Especializada FEEC;2.00;FACULTAD DE EDUCACION;XVII;132313;DOS CON 00
17.13;Constancia No Adeudar Secretaria Adminis.FECC;2.00;FACULTAD DE EDUCACION;XVII;132313;DOS CON 00
17.14;Constancia de Egresado FECC;15.00;FACULTAD DE EDUCACION;XVII;132313;QUINCE CON 00
17.15;Matricula Traslado interno FECC;100.00;FACULTAD DE EDUCACION;XVII;133315;CIEN CON 00
17.16;Matricula Traslado externo;150.00;FACULTAD DE EDUCACION;XVII;133315;CIENTO CINCUENTA CON 00
17.17;Examen de Aplazados Por Asignatura;5.00;FACULTAD DE EDUCACION;XVII;133315;CINCO CON 00
17.18;Reserva de Matricula por Semestre FEEC;20.00;FACULTAD DE EDUCACION;XVII;132313;VEINTE CON 00
18.01;Servicio de Impresiones;1.00;EDITORIAL UNIVERSITARIA;XVIII;132314;
18.02;Comisi_n Venta de libros;1.00;EDITORIAL UNIVERSITARIA;XVIII;132314;
19.01;Carne de Biblioteca Especializada;5.00;FACULTAD DE CIENCIAS AGRARIAS;XIX;132311;CINCO CON 00
19.02;Canje de CarnU;5.00;FACULTAD DE CIENCIAS AGRARIAS;XIX;132311;CINCO CON 00
19.03;Duplicado de CarnU Biblioteca Especializado;10.00;FACULTAD DE CIENCIAS AGRARIAS;XIX;132311;DIEZ CON 00
19.04;Retenci_n de libro de 2 A 5 DIAS;5.00;FACULTAD DE CIENCIAS AGRARIAS;XIX;133315;CINCO CON 00
19.05;Retenci_n de Libro de 6 A 10 DIAS;5.00;FACULTAD DE CIENCIAS AGRARIAS;XIX;133315;CINCO CON 00
19.06;Constancia (Docentes y Administ.);1.00;FACULTAD DE CIENCIAS AGRARIAS;XIX;132313;UNO CON 00
19.07;Constancia de Trabajo;5.00;FACULTAD DE CIENCIAS AGRARIAS;XIX;132314;CINCO CON 00
19.08;Constancia de Estudios;5.00;FACULTAD DE CIENCIAS AGRARIAS;XIX;132313;CINCO CON 00
19.09;Constancia de Egreso;15.00;FACULTAD DE CIENCIAS AGRARIAS;XIX;132313;QUINCE CON 00
19.10;Constancia de carga Acad.por Semestre;5.00;FACULTAD DE CIENCIAS AGRARIAS;XIX;132313;CINCO CON 00
19.11;Constancia de Matricula;5.00;FACULTAD DE CIENCIAS AGRARIAS;XIX;132313;CINCO CON 00
19.12;Constancia de Notas o Record Academico;3.00;FACULTAD DE CIENCIAS AGRARIAS;XIX;132313;TRES CON 00
19.13;Otras Constancias (Estudiantes );1.00;FACULTAD DE CIENCIAS AGRARIAS;XIX;132313;
19.14;Transcripcion Acuerdo de Consejo facultad;10.00;FACULTAD DE CIENCIAS AGRARIAS;XIX;132314;DIEZ CON 00
19.15;Sylabus por curso;0.50;FACULTAD DE CIENCIAS AGRARIAS;XIX;132314;
19.16;Fichas de Matricula (Duplicado);5.00;FACULTAD DE CIENCIAS AGRARIAS;XIX;132314;CINCO CON 00
19.17;Carta de presentacion Practica Pre-Profes.;5.00;FACULTAD DE CIENCIAS AGRARIAS;XIX;132313;CINCO CON 00
19.18;Convalidacion de cursos (Traslado interno);5.00;FACULTAD DE CIENCIAS AGRARIAS;XIX;133315;CINCO CON 00
19.19;Convalidacion de cursos (traslado Externo);10.00;FACULTAD DE CIENCIAS AGRARIAS;XIX;133315;DIEZ CON 00
19.20;Traslado de matricula interno (FCA);100.00;FACULTAD DE CIENCIAS AGRARIAS;XIX;132313;CIEN CON 00
19.21;Traslado de matricula Externo( UNASAM);150.00;FACULTAD DE CIENCIAS AGRARIAS;XIX;132313;CIENTO CINCUENTA CON 00
19.22;Tramite de documentos (solicitudes, etc);2.50;FACULTAD DE CIENCIAS AGRARIAS;XIX;1333199;DOS CON 50
19.23;Diplomado Gestion Integrada del Lab.p acredit.;1.00;FACULTAD DE CIENCIAS AGRARIAS;XIX;1333199;UNO CON 00
19.24;Visado de Syilabus por curso;2.00;FACULTAD DE CIENCIAS AGRARIAS;XIX;1333199;DOS CON 00
19.25;Recuperacion de Praticas de Laboratorio;5.00;FACULTAD DE CIENCIAS AGRARIAS;XIX;133315;CINCO CON 00
19.26;Reserva de Matriculas;20.00;FACULTAD DE CIENCIAS AGRARIAS;XIX;133315;VEINTE CON 00
19.27;Retiro del Semestre;30.00;FACULTAD DE CIENCIAS AGRARIAS;XIX;1333199;TREINTA CON 00
19.28;Curricula de Estudios;10.00;FACULTAD DE CIENCIAS AGRARIAS;XIX;132313;DIEZ CON 00
19.29;Alquiler Computadoras por hora;0.50;FACULTAD DE CIENCIAS AGRARIAS;XIX;1332299;CERO CON 50
19.30;Reincorporacion de matricula c/reserva;25.00;FACULTAD DE CIENCIAS AGRARIAS;XIX;133315;VEINTICINCO CON 00
19.31;Reincorporacion de matricula 3% UIT;108.00;FACULTAD DE CIENCIAS AGRARIAS;XIX;133315;CIENTO OCHO CON 00
19.32;Formatos de solicitudes (Varios);1.00;FACULTAD DE CIENCIAS AGRARIAS;XIX;132313;UNO CON 00
19.33;Examen de aplazado por curso;5.00;FACULTAD DE CIENCIAS AGRARIAS;XIX;133315;CINCO CON 00
19.34;Reglamento de Grados y Titulos;5.00;FACULTAD DE CIENCIAS AGRARIAS;XIX;132314;CINCO CON 00
19.35;Reglamento de Practicas Pre- Profesiones;5.00;FACULTAD DE CIENCIAS AGRARIAS;XIX;132314;CINCO CON 00
19.36;Reglamento de Estudios;2.00;FACULTAD DE CIENCIAS AGRARIAS;XIX;132314;DOS CON 00
19.37;Reimpresion de Actas p/hojas(Docentes);1.00;FACULTAD DE CIENCIAS AGRARIAS;XIX;132314;UNO CON 00
19.38;Polos de la FCA.;10.00;FACULTAD DE CIENCIAS AGRARIAS;XIX;1333199;DIEZ CON 00
19.39;Equipo Topografico Teodolito Theo-0.15;30.00;FACULTAD DE CIENCIAS AGRARIAS;XIX;1333199;TREINTA CON 00
19.40;Equipo Topografico Teodolito Theo-0.80;30.00;FACULTAD DE CIENCIAS AGRARIAS;XIX;1333199;TREINTA CON 00
19.41;Equipo Topografico Nivel KERN por dYa;20.00;FACULTAD DE CIENCIAS AGRARIAS;XIX;1333199;VEINTE CON 00
19.42;Equipo Topografico Theo (por dYa);20.00;FACULTAD DE CIENCIAS AGRARIAS;XIX;1333199;VEINTE CON 00
19.43;Equipo Topografico Teodolito Sokisha;20.00;FACULTAD DE CIENCIAS AGRARIAS;XIX;1333199;VEINTE CON 00
19.44;Mira (por dYa);5.00;FACULTAD DE CIENCIAS AGRARIAS;XIX;1333199;CINCO CON 00
19.45;Equipo de TV, VHS, Filmadora (por dYa);20.00;FACULTAD DE CIENCIAS AGRARIAS;XIX;1333199;VEINTE CON 00
19.46;Equipo Proyector de Slides (por dYa);20.00;FACULTAD DE CIENCIAS AGRARIAS;XIX;1333199;VEINTE CON 00
19.47;Equipo Retroproyector de transparancias;25.00;FACULTAD DE CIENCIAS AGRARIAS;XIX;1333199;VEINTICINCO CON 00
19.48;Equipo Topografico Eclimetro (por dia );8.00;FACULTAD DE CIENCIAS AGRARIAS;XIX;1333199;OCHO CON 00
19.49;Tractor FIAT (por hora);30.00;FACULTAD DE CIENCIAS AGRARIAS;XIX;1333199;TREINTA CON 00
19.50;Analisis de Rutina;20.00;FACULTAD DE CIENCIAS AGRARIAS;XIX;1333199;VEINTICINCO CON 00
19.51;Analisis completo o de caracterizacion;50.00;FACULTAD DE CIENCIAS AGRARIAS;XIX;133923;CINCUENTA CON 00
19.52;Analisis de rutina o de fertilidad;30.00;FACULTAD DE CIENCIAS AGRARIAS;XIX;133923;TREINTA CON 00
19.53;Analisis de agua con fines de riego;30.00;FACULTAD DE CIENCIAS AGRARIAS;XIX;133923;TREINTA CON 00
19.54;Plßntulas de Semilla de papa c/u.;0.30;FACULTAD DE CIENCIAS AGRARIAS;XIX;1311199;CERO CON 30
19.55;Semilla de papa (Magenta de 25 plßantulas;7.50;FACULTAD DE CIENCIAS AGRARIAS;XIX;1311199;SIETE CON 50
19.56;Semilla pre-bßsica  I de papa;1.00;FACULTAD DE CIENCIAS AGRARIAS;XIX;1311199;
19.57;Semilla pre-bßsica II de papa (Kilo);2.50;FACULTAD DE CIENCIAS AGRARIAS;XIX;1311199;DOS CON 50
19.58;Semilla pre-bßsica Registrada de papa(kg.);2.00;FACULTAD DE CIENCIAS AGRARIAS;XIX;1311199;DOS CON 00
19.59;Examen de Aplazados Por Asignatura;5.00;FACULTAD DE CIENCIAS AGRARIAS;XIX;133313;CINCO CON 00
19.60;Servicios Academicos y Administrativos;1.00;FACULTAD DE CIENCIAS AGRARIAS;XIX;133315;
19.61;Concurso interno para plaza docentes FCA;50.00;FACULTAD DE CIENCIAS AGRARIAS;XIX;131912;CINCUENTA CON 00
19.62;Reincorporaci_n Sin Reserva 3% UIT FCA;105.00;FACULTAD DE CIENCIAS AGRARIAS;XIX;132317;CIENTO CINCO CON 00
19.63;Concurso Plazas Contratos FCA;50.00;FACULTAD DE CIENCIAS AGRARIAS;XIX;131912;CINCUENTA CON 00
19.64;Constancia No Adeudar Biblioteca;2.50;FACULTAD DE CIENCIAS AGRARIAS;XIX;132314;DOS CON 50
19.65;Formato No adeudos FCA;2.50;FACULTAD DE CIENCIAS AGRARIAS;XIX;132314;DOS CON 50
19.66;Analisis Micologico en semillas;51.75;FACULTAD DE CIENCIAS AGRARIAS;XIX;133923;CINCUENTIUNO CON 75
19.67;Analisis Micologico de semillas,plantas u otro;103.50;FACULTAD DE CIENCIAS AGRARIAS;XIX;133923;CIENTO TRES CON 50
19.68;Analisis Micologico de suelo;172.50;FACULTAD DE CIENCIAS AGRARIAS;XIX;133923;CIENTO SETENTIDOS CON 50
19.69;Identificaci_n de hongos fitopat_genos hasta G;69.00;FACULTAD DE CIENCIAS AGRARIAS;XIX;133923;SESENTINUEVE CON 00
19.70;Identificaci_n de hongos fitopat_genos hasta E;172.50;FACULTAD DE CIENCIAS AGRARIAS;XIX;133923;CIENTO SETENTIDOS CON 50
19.71;Analisis virologico NCM - ELISA;86.25;FACULTAD DE CIENCIAS AGRARIAS;XIX;133923;OCHENTISEIS CON 25
19.72;Analisis nematologico de suelo;69.00;FACULTAD DE CIENCIAS AGRARIAS;XIX;133923;SESENTINUEVE CON 00
19.73;Analisis nematologicos de raices;69.00;FACULTAD DE CIENCIAS AGRARIAS;XIX;133923;SESENTINUEVE CON 00
19.74;Identificaci_n de nematodos hasta genero;69.00;FACULTAD DE CIENCIAS AGRARIAS;XIX;133923;SESENTINUEVE CON 00
19.75;Identificaci_n de namßtodos hasta especie;172.50;FACULTAD DE CIENCIAS AGRARIAS;XIX;133923;CIENTO SETENTIDOS CON 50
19.76;Hongos antagonistas en sustrato arroz (Kg.);12.00;FACULTAD DE CIENCIAS AGRARIAS;XIX;133923;DOCE CON 00
19.77;Ensayos biologicos de fungicidas y sustancias;759.00;FACULTAD DE CIENCIAS AGRARIAS;XIX;133923;SETECIENTOS CINCUENTINUEVE
20.01;Pago pensi_n de ense±anza CPM;1.00;CENTRO PERFECCION. MAGISTERIAL;XX;133313;
20.02;Por Constancias de Estudios CPM;5.00;CENTRO PERFECCION. MAGISTERIAL;XX;132314;CINCO CON 00
20.03;Matricula Centro Perfeccionamiento Magisterial;40.00;CENTRO PERFECCION. MAGISTERIAL;XX;133313;CUARENTA CON 00
20.04;Formulario Unico de Tramite CPM;2.00;CENTRO PERFECCION. MAGISTERIAL;XX;1333199;DOS CON 00
20.05;Record de Notas Por Semestre CPM;3.00;CENTRO PERFECCION. MAGISTERIAL;XX;132313;TRES CON 00
20.06;Constancia de No Adeudar al CPM;5.00;CENTRO PERFECCION. MAGISTERIAL;XX;132314;CINCO CON 00
20.07;Constancia de Egresado CPM;80.00;CENTRO PERFECCION. MAGISTERIAL;XX;132313;OCHENTA CON 00
20.08;Revisi_n de Expediente de Grado Acßdemico;20.00;CENTRO PERFECCION. MAGISTERIAL;XX;132313;VEINTE CON 00
20.09;Sustentaci_n de Tesis CPM;200.00;CENTRO PERFECCION. MAGISTERIAL;XX;133315;DOSCIENTOS CON 00
20.10;INSCRIPCION AL CENTRO PERFECCIONA. MAGISTERIAL;50.00;CENTRO PERFECCION. MAGISTERIAL;XX;1333199;CINCUENTA CON 00
20.11;Curso Capacitacion Docente CACIP;1.00;CENTRO DE ACT. CAPAC. INVEST.;XX;133312;00
20.12;DUPLICADO CARNET CPM;22.00;CENTRO PERFECCION. MAGISTERIAL;XX;1333199;VEINTIDOS CON 00
20.13;DIPLOMADOS DEL CACIP;1.00;CACIP;XX;132314;
22.02;Venta de productos de panificacion lab. Espec;1.00;PANADERIA LA ESPIGA;XXII;1311199;
23.01;Inscripci_n Programa Titulaci_n Prof/UNASAM;60.00;FCEAC-PROGRAMA TITULACION PROF.;XXIII;133313;SESENTA CON 00
23.02;Pensi_n PTP/egresados de la UNASAM;1.00;FCEAC-PROGRAMA TITULACION PROF.;XXIII;133313;
23.03;Inscrip.Programa Tit.Prof/Otras Universidades;660.00;FCEAC-PROGRAMA TITULACION PROF.;XXIII;133313;SEISCIENTOS SESENTA CON 00
23.04;Pensi_n PTP/egresados de Otras Universidades;1.00;FCEAC-PROGRAMA TITULACION PROF.;XXIII;133313;
24.02;Pension de Enseñanza FCAM-PEGA;1.00;FCAM-PEGA;XXIV;133313;
25.01;CONVENIO UNASAM-FECC/MIN.EDUCACION;1.00;CONVENIO UNASAM-FECC/MIN.EDUCAC.;XXV;133315;
26.01;Venta de productos agropecuarios;1.00;ALLPA RUMI;XXVI;1311199;
26.02;Alquiler de maquinarias;1.00;ALLPA RUMI;XXVI;1333199;
27.01;Constancia de LABORATORIO DE FISICA;2.00;FACULTAD DE INGENIERIA CIVIL;XXVII;132313;DOS CON 00
27.02;Recuperacion  Practicas de Laboratorio;5.00;FACULTAD DE INGENIERIA CIVIL;XXVII;133315;CINCO CON 00
27.03;INGRESOS VARIOS;1.00;FACULTAD DE INGENIERIA CIVIL;XXVII;133313;UNO CON 00
27.04;Servicios Academicos y Administrativos;1.00;FACULTAD DE INGENIERIA CIVIL;XXVII;133315;UNO CON 00
27.06;Ciclo de Actualizaci_n CIAP-FIC (DOLARES);1.00;FACULTAD INGENIERIA CIVIL/CIAP;XXVII;133313;
27.07;Ciclo de Actualizaci_n PTP-FIC (Soles);1.00;FACULTAD INGENIERIA CIVIL/CIAP;XXVII;133313;
27.08;Ingresos de Ladrilleria - Chancadora;1.00;CENT. PRODUC. LADRILLERIA FIC;XXVII;132314;UNO CON 00
27.09;Venta de piedra chancada;1.00;CENT. PRODUC. LADRILLERIA FIC;XXVII;132314;
27.10;Examen Aplazados FIC;5.00;FACULTAD DE INGENIERIA CIVIL;XXVII;133313;CINCO CON 00
27.12;Ingresos del Centro Producci_n FIC;1.00;FACULT.ING.CIVIL/CENTRO PRODUCC.;XXVII;132314;
27.13;Record de Notas por semestre FIC;3.00;FACULTAD DE INGENIERIA CIVIL;XXVII;132313;TRES CON 00
27.14;Traslado Interno FIC;100.00;FACULTAD DE INGENIERIA CIVIL;XXVII;133315;CIEN CON 00
27.15;Ensayo Resist.Briquetas de Concreto;17.85;FACULTAD DE INGENIERIA CIVIL;XXVII;133923;DIECISIETE CON 85
28.00;CENTRO DE IDIOMAS;1.00;CONVENIO UNASAM-EINAE = OCEASA;XXVIII;133313;
28.01;Curso Bßsico INGLES/FRANCES/QUECHUA;80.00;CENTRO DE IDIOMAS;IV;133313;OCHENTA CON 00
28.02;Curso Intermedio INGLES/FRANCES/QUECHUA;85.00;CENTRO DE IDIOMAS;IV;133313;OCHENTICINCO CON 00
28.03;Nivel Pre Bßsico - Ni±os;70.00;CENTRO DE IDIOMAS;IV;132314;SETEINTA CON 00
28.04;Nivel Basico - Ni±os;70.00;CENTRO DE IDIOMAS;IV;132314;SETEINTA CON 00
28.05;Nivel Intermedio - Ni±os;70.00;CENTRO DE IDIOMAS;IV;132314;SETEINTA CON 00
28.06;Nivel Avanzado - Ni±os;70.00;CENTRO DE IDIOMAS;IV;133313;SETEINTA CON 00
28.07;Evaluaci_n (Intermedio);5.00;CENTRO DE IDIOMAS;IV;133313;CINCO CON 00
28.08;Exßmen de clasificaci_n;15.00;CENTRO DE IDIOMAS;IV;133313;QUINCE CON 00
28.09;Evaluaci_n en las habilidades de escribir;50.00;CENTRO DE IDIOMAS;IV;133313;CINCUENTA CON 00
28.10;Constancia de Estudios;10.00;CENTRO DE IDIOMAS;IV;132314;DIEZ CON 00
28.11;Bßsico/Intermedio/avanzado(50% dscto) familia;40.00;CENTRO DE IDIOMAS;IV;133313;CUARENTA CON 00
28.12;Bßsico/Interm./avanz.50% dscto)extemporaneo;42.50;CENTRO DE IDIOMAS;IV;133313;CUARENTIDOS CON 50
28.13;Duplicado Tarjeta de MAtricula Cent. Idiomas;5.00;CENTRO DE IDIOMAS;IV;133313;
28.14;Curso Basico/Intermedio/Avanzado/ITALIANO;90.00;CENTRO DE IDIOMAS;IV;133313;NOVENTA CON 00
28.15;Carnet Biblioteca Especializado;5.00;CENTRO DE IDIOMAS;IV;133313;CINCO CON 00
28.16;Matricula para el Centro de Idiomas;5.00;CENTRO DE IDIOMAS;IV;133313;CINCO CON 00
28.17;Certificado Nivel Basico;30.00;CENTRO DE IDIOMAS;IV;133313;TREINTA CON 00
28.18;Certificado Nivel Intermedio;40.00;CENTRO DE IDIOMAS;IV;133313;CUARENTA CON 00
28.19;Curso avanzado INGLES/FRANCES/QUECHUA;90.00;CENTRO DE IDIOMAS;IV;133313;NOVENTA CON 00
28.20;Curso de Especializacion de Ingles;110.00;CENTRO DE IDIOMAS;IV;133313;CIENTO DIEZ CON 00
28.21;Certificado Nivel Avanzado;50.00;CENTRO DE IDIOMAS;IV;133313;CINCUENTA CON 00
28.22;Matricula Extemp.Curso Bßsico Pers. UNASAM;38.50;CENTRO DE IDIOMAS;IV;133313;TREINTIOCHO CON 50
28.23;Matricula Extemporaneo Curso Intermedio;93.50;CENTRO DE IDIOMAS;IV;133313;NOVENTITRES CON 50
28.24;Mat. Extempor. Curso Intermedio Per.UNASAM;41.00;CENTRO DE IDIOMAS;IV;133313;CUATENTIUNO CON 00
28.25;Matricula Extemporaneo Curso Avanzado;99.00;CENTRO DE IDIOMAS;IV;133313;NOVENTINUEVE CON 00
28.26;Mat.Extempor. Curso Avanzado Pers.UNASAM;44.00;CENTRO DE IDIOMAS;IV;133313;CUARENTICUATRO CON 00
28.27;Duplicado Tarjeta Matricula Cent. Idiomas;2.00;CENTRO DE IDIOMAS;IV;133313;DOS CON 00
28.28;Curso Interm.INGLES/FRANCES/QUECHUA-FAMIL.;37.50;CENTRO DE IDIOMAS;IV;133313;TREINTISIETE CON 50
28.29;Curso Avanz. INGLES/FRANCES/QUECHUA-FAMIL.;40.00;CENTRO DE IDIOMAS;IV;133313;CUARENTA CON 00
28.30;Mora 10 %;8.00;CENTRO DE IDIOMAS;IV;133313;OCHO CON 00
28.31;Diploma Nivel Basico;30.00;CENTRO DE IDIOMAS;IV;133313;TREINTA CON 00
28.32;Ingles Horario Extra-Ordinario;65.00;CENTRO DE IDIOMAS;IV;133313;SESENTICINCO CON 00
28.33;Pago Convenio Curso Italiano 8%;1.00;CENTRO DE IDIOMAS;IV;133313;UNO CON 00
28.34;Ingles Avanzado 50% Dscto;45.00;CENTRO DE IDIOMAS;IV;133313;CUARENTICINCO CON 00
28.35;Italiano 50% Dscto.;45.00;CENTRO DE IDIOMAS;IV;133313;CUARENTICINCO CON 00
28.36;Pago MatrYcula Centro de Idiomas P/todo Ciclo;10.00;CENTRO DE IDIOMAS;IV;133313;DIEZ CON 00
28.37;Pago Unico Centro Idiomas Docts-Administ.Alumn;50.00;CENTRO DE IDIOMAS;IV;133313;CINCUENTA CON 00
28.38;Matricula del CENTRO DE IDIOMAS;10.00;CENTRO DE IDIOMAS;IV;133313;DIEZ CON 00
28.39;Matricula del CENTRO DE IDIOMAS/50%;50.00;CENTRO DE IDIOMAS;IV;133313;CINCUENTA CON 00
28.40;Pensi_n y Matricula Ingles Bßsico;80.00;CENTRO DE IDIOMAS;IV;133313;OCHENTA CON 00
28.41;Pensi_n Ingles Basico,Intermedio,Avanzado-Ni±o;35.00;CENTRO DE IDIOMAS;IV;133313;TREINTICINCO CON 00
28.42;Examen Suficiencia Idioma -Lee- Escribe Habla;120.00;CENTRO DE IDIOMAS;IV;133313;CIENTO VEINTE CON 00
28.43;Curso Bßsico/Intermedio/Avanzado;1.00;CENTRO DE IDIOMAS;IV;133313;
29.01;Matricula CACIP/FCSEC;50.00;FACULTAD DE EDUCACION;XXIX;133312;CINCUENTA CON 00
29.02;Pension CACIP/FCSEC;100.00;FACULTAD DE EDUCACION;XXIX;133312;CIEN CON 00                                                          C
31.01;Ingresos de la Sede de Barranca;1.00;FILIAL BARRANCA;XXXI;133315;UNO CON 00
31.14;Retensi_n Carnet de Biblioteca en la FC.;3.00;FACULTAD DE CIENCIAS;XXXI;1333199;TRES CON 00
32.01;Por Ciclo de Nivelaci_n FCA;1.00;FACULTAD DE CIENCIAS AGRARIAS;XXXII;133313;UNO CON 00
32.02;Por Ciclo de Nivelaci_n FEC;1.00;FACULTAD ECONOMIA Y CONTABILIDAD;XXXII;133313;UNO CON 00
32.03;Por Ciclo de Nivelaci_n FDCCPP;1.00;FACULTAD DE DERECHO;XXXII;133313;UNO CON 00
32.04;Por Ciclo de Nivelaci_n FC;1.00;FACULTAD DE CIENCIAS;XXXII;133313;UNO CON 00
32.05;Por Ciclo de Nivelaci_n FCAM;1.00;FACULTAD CIENCIAS AMBIENTE;XXXII;133313;UNO CON 00
32.06;Por Ciclo de Nivelaci_n FIIA;1.00;FACULTAD INDUSTRIAS ALIMENTARIAS;XXXII;133313;UNO CON 00
32.07;Por Ciclo de Nivelaci_n FECC;1.00;FACULTAD ECONOMIA Y CONTABILIDAD;XXXII;133313;UNO CON 00
32.08;Por Ciclo de Nivelaci_n FCM;1.00;FACULTAD DE CIENCIAS MEDICAS;XXXII;133313;UNO CON 00
32.09;Por Ciclo de Nivelaci_n FIC;1.00;FACULTAD DE INGENIERIA CIVIL;XXXII;133313;UNO CON 00
32.10;Por Ciclo de Nivelaci_n FIMGM;1.00;FACULTAD DE INGENIERIA DE MINAS;XXXII;133313;
32.11;Ciclo de NIvelaci_n FAT;1.00;FACULTAD DE ADMINISTRACION Y TUR;XXXII;133313;UNO CON 00
33.01;Ingresos de las Plantas Concentradoras;1.00;PLANTAS CONCENTRADORAS;XXXIII;1331299;
33.03;Ingresos por pesaje de Minerales-MESAPATA;1.00;PLANTAS CONCENTRADORAS;XXXIII;1333199;
34.01;Examen Aplazados;5.00;FACULTAD ECONOMIA Y CONTABILIDAD;XXXIV;133313;CINCO CON 00
34.02;Constancias de Estudios FEC.;5.00;FACULTAD ECONOMIA Y CONTABILIDAD;XXXIV;132313;CINCO CON 00
34.03;Constancias de Tercio-FEC;10.00;FACULTAD ECONOMIA Y CONTABILIDAD;XXXIV;132313;DIEZ CON 00
34.04;Constancia de No adeudar Libros a la FEC;2.50;FACULTAD ECONOMIA Y CONTABILIDAD;XXXIV;132313;DOS CON 50
34.05;Constancia no adeudar SecretarYa Administ.FEC;2.50;FACULTAD ECONOMIA Y CONTABILIDAD;XXXIV;132313;DOS CON 50
34.06;Matricula Traslado Interno FEC;100.00;FACULTAD ECONOMIA Y CONTABILIDAD;XXXIV;133315;CIEN CON 00
34.07;Record de Notas Por Semestre FEC.;3.00;FACULTAD ECONOMIA Y CONTABILIDAD;XXXIV;132313;TRES CON 00
34.08;Servicios AcadUmicos FEC;1.00;FACULTAD ECONOMIA Y CONTABILIDAD;XXXIV;133315;
34.09;Reserva de Matricula por Semestre FEC;20.00;FACULTAD ECONOMIA Y CONTABILIDAD;XXXIV;133315;VEINTE CON 00
34.10;Ingresos por Centro de Computo FEC;1.00;FACULTAD ECONOMIA Y CONTABILIDAD;XXXIV;1332299;
34.11;Matricula Traslado externo FEC;150.00;FACULTAD ECONOMIA Y CONTABILIDAD;XXXIV;133315;CIENTO CINCUENTA  CON 00
34.12;Examen Aplazados Por Asignatura FEC;5.00;FACULTAD ECONOMIA Y CONTABILIDAD;XXXIV;133315;CINCO CON 00
34.13;Alquielr Cafeteria Facultad Ciencias Economica;1.00;FACULTAD ECONOMIA Y CONTABILIDAD;XXXIV;1333199;
34.14;Carta de Presentaci_n FEC;5.00;FACULTAD ECONOMIA Y CONTABILIDAD;XXXIV;132314;CINCO CON 00
34.15;Constancia de Egresado FEC;15.00;FACULTAD ECONOMIA Y CONTABILIDAD;XXXIV;132313;QUINCE CON 00
34.16;Venta Bases de concurso para Docentes;50.00;FACULTAD ECONOMIA Y CONTABILIDAD;XXXIV;131912;CINCUENTA CON 00
34.17;Constancia de Egresado FEC;15.00;FACULTAD ECONOMIA Y CONTABILIDAD;XXIV;132313;QUINCE CON 00
34.18;FORMULARIO UNICO DE TRAMITE -FUT-FEC;2.50;FACULTAD ECONOMIA Y CONTABILIDAD;XXXIV;1333199;DOS CON 50
35.01;Inscripci_n PTP-Facultad de Educaci_n;20.00;FAC.EDUCACION-PTP;XXXV;133313;VEINTE CON 00
35.02;Pensi_n Progra. de Titulaci_n Profesional FECC;270.00;FAC.EDUCACION-PTP;XXXV;133313;DOSCIENTOS SETENTA CON 0
35.03;Pensi_n Progra. de Titulaci_n Profesional FECC;300.00;FAC.EDUCACION-PTP;XXXV;133313;TRESCIENTOS CON 00
35.04;Pensi_n Progra. de Titulaci_n Profesional FECC;450.00;FAC.EDUCACION-PTP;XXXV;133313;CUATROCIENTOS CINCUENT
35.05;Pago II ciclo/1ra.Alternat./CICLO REGULAR;450.00;FAC.EDUCACION-PTP;XXXV;133313;CUATROCIENTOS CINCUENT
35.06;Pago II ciclo Primera Alternativa;500.00;FAC.EDUCACION-PTP;XXXV;133313;QUINIENTOS CON 00
35.07;Pago II ciclo/2da.Alternat./CICLO REGULAR;315.00;FAC.EDUCACION-PTP;XXXV;133313;TRESCIENTOS QUINCE CON 0
35.08;Pago II ciclo Segunda Alternativa;350.00;FAC.EDUCACION-PTP;XXXV;133313;TRESCIENTOS CINCUENTA
35.09;Reintegro del PTP-FECC;1.00;FAC.EDUCACION-PTP;XXXV;133313;
35.10;Por derecho de revisi_n de proyecto PTP;50.00;FAC.EDUCACION-PTP;XXXV;133313;CINCUENTA CON 00
35.11;Por derecho de revisi_n de TESIS PTP;50.00;FAC.EDUCACION-PTP;XXXV;133313;CINCUENTA CON 00
35.12;Pago por derecho de JURADOS de Sustentaci_n;200.00;FAC.EDUCACION-PTP;XXXV;133313;DOSCIENTOS CINCUENTA Y
35.13;Certif.Haber Aprobado I Ciclo FECC-CIAP;10.00;FAC.EDUCACION-PTP;XXXV;133313;DIEZ CON 00
35.14;Certif.Haber Aprobado FECC/PTP;20.00;FAC.EDUCACION-PTP;XXXV;133313;VEINTE CON 00
35.15;MATRICULA PTP-Facultad de Educaci_n;30.00;FAC.EDUCACION-PTP;XXXV;132317;TREINTA CON 00
35.16;Aplazados por CrUdito PTP;3.00;FAC.EDUCACION-PTP;XXXV;133313;TRES CON 00
36.01;Ingresos por venta de Animales;1.00;C.PRODUC.PARIACOTO;XXXVI;1311199;UNO CON 00
36.02;Ingresos por venta de Productos Agropecuar;1.00;C.PRODUC.PARIACOTO;XXXVI;1311199;UNO CON 00
37.01;Venta de truchas;1.00;PISIGRANJA MARCARA;XXXVII;1311199;UNO CON 00
38.01;Pago IGV de ALLPA RUMI;1.00;ALLPA RUMI;XXXVIII;******;
38.02;Pago IGV EDITORIAL UNIVERSITARIA;1.00;EDITORIAL UNIVERSITARIA;XXXVIII;******;
38.03;Pago IGV. Plantas Concentrados de Mineral;1.00;PLANTAS CONCENTRADORAS;XXXIII;******;
38.04;Pago IGV CENTRO PRE UNIVERSITARIO;1.00;CENTRO PRE UNIVERSITARIO;XXXVIII;******;UNO CON 00
38.05;Pago IGV de la Fac. de IngenierYa Civil;1.00;FACULTAD DE INGENIERIA CIVIL;XXXVIII;******;
38.06;IGV por convenio con MINISTERIO DE SALUD;1.00;FACULTAD DE CIENCIAS MEDICAS;XXXVIII;******;
39.01;Ingreso de la Escuela de Post Grado;1.00;ESCUELA DE POST GRADO;XXXIX;133313;UNO CON 00
40.01;Prospecto/Carpeta/Inscripci_n/Colegio Nacional;184.00;COMISION CENTRAL ADMISION;XL;132312;CIENTO OCHENTA Y CUATRO CON 00
40.02;Prospecto/Carpeta/Inscripci_n/Coleg.Particular;244.00;COMISION CENTRAL ADMISION;XL;132312;DOSCIENTOS CUARENTA Y CUATRO CON 00
40.03;Prosp/Carpeta/Insc/Convenio/Deport.Calificados;220.00;COMISION CENTRAL ADMISION;XL;132312;DOSCIENTOS VEINTE CON 00
40.04;Prosp./Carpeta/Inscrip./Titulados/Grad/FFA/PNP;573.00;COMISION CENTRAL ADMISION;XL;132312;QUINIENTOS SETENTA Y TRES CON 00
40.05;Prospecto/Carpeta/Inscripci_n/Traslado Externo;340.00;COMISION CENTRAL ADMISION;XL;132312;TRESCIENTOS CUARENTA Y
40.06;Ingresantes por CPU;250.00;COMISION CENTRAL ADMISION;XL;132312;DOSCIENTOS CINCUENTA Y
40.07;Prospecto/Carpeta Postulante/Docentes/Administ;40.00;COMISION CENTRAL ADMISION;XL;132312;CUARENTA CON 00
40.08;Prosp./Carp./Inscripci_n Hermanos/Col.Nacional;75.00;COMISION CENTRAL ADMISION;XL;132312;SETENTICINCO CON 00
40.09;Prosp./Carp./Inscripci_n Hermanos/Col.Particul;120.00;COMISION CENTRAL ADMISION;XL;132312;CIENTO VEINTE CON 00
40.10;Pago por ficha de Inscripcion (CARPETA);10.00;COMISION CENTRAL ADMISION;XL;132312;DIEZ CON 00
40.11;Examen de Admision por Traslado Interno;130.00;COMISION CENTRAL ADMISION;XL;132312;CIENTO TREINTA CON 00
40.12;Examen de Admision hijo Doc.Admin./col./Parti;90.00;COMISION CENTRAL ADMISION;XL;132312;NOVENTA CON 00
40.13;Examen de Admisi_n Hijo Doc.Admin./col./Nacion;82.00;COMISION CENTRAL ADMISION;XL;132312;OCHENTA Y DOS CON 00
40.14;Inscripci_n Extemporaneo Caso Hermanos C.Parti;250.00;COMISION CENTRAL ADMISION;XL;132312;DOSCIENTOS CINCUENTA CON 00
40.15;Pago Examen Admisi_n 2005 Extemporaneo;1.00;COMISION CENTRAL ADMISION;XL;132312;
40.16;Pago Examen Extemporaneo Admisi_n 2005-I C/P;248.00;COMISION CENTRAL ADMISION;XL;132312;DOSCIENTOS CUARENTIOCH
40.17;Prospecto de Admisi_n 2011/II;40.00;COMISION CENTRAL ADMISION;XL;132311;CUARENTA CON 00
40.18;Ingresos convenio EINAE/Pago por prospecto;1.00;COMISION CENTRAL ADMISION;XL;132312;
40.19;Exonr.Victimas del Terroriasmo adm 2005-I;220.00;COMISION CENTRAL ADMISION;XL;132312;DOSCIENTOS VEINTE CON 00
40.20;Constancia de ingreso;10.00;COMISION CENTRAL ADMISION;XL;132314;DIEZ CON 00
40.21;Inscrip.dos _ mas hermanos Colegio Partic.;150.00;COMISION CENTRAL ADMISION;XL;132312;CIENTO CINCUENTA CON 00
40.22;INSCRIPCION ADMISION AGOSTO 2012 - II;1.00;COMISION CENTRAL ADMISION;XL;132312;
40.23;Simulacro ExamUn Admisi_n 2011 II;10.00;COMISION CENTRAL ADMISION;XL;133315;DIEZ CON 00
40.24;Ingresantes Via CENTRO PRE UNIVERSITARIO;200.00;COMISION CENTRAL ADMISION;XL;132312;DOSCIENTOS CON 00
40.25;Ingresos Descuento por Planilla;1.00;COMISION CENTRAL ADMISION;XL;132312;UNO CON 00
40.26;Inscripci_n Admisi_n Col.Nacional/Extemporaneo;183.00;COMISION CENTRAL ADMISION;XL;132312;CIENTO OCHENTITRES CON 00
40.27;Inscripci_n Admisi_n Col.Particular/Extemporan;248.00;COMISION CENTRAL ADMISION;XL;132312;DOSCIENTOS CUARENTIOCHO CON 00
40.28;Pago Examen Admisi_n Hijo Docentes y Administ.;1.00;COMISION CENTRAL ADMISION;XL;132312;
40.29;InscripciÓn,Prosp,Carpeta AdmisiÓn 2010 C/Part;250.00;COMISION CENTRAL ADMISION;XL;132312;DOSCIENTOS CINCUENTA CON 00
40.30;Inscripción,Prosp,Carpeta Admisión 2010 C/Nac.;200.00;COMISION CENTRAL ADMISION;XL;132312;DOSCIENTOS CON 00
40.31;Inscripci_n Postulantes Via Convenios;220.00;COMISION CENTRAL ADMISION;XL;132312;DOSCIENTOS VEINTE CON 00
40.32;Duplicado de FOTOCHECK/Carnet Postulante;15.00;COMISION CENTRAL ADMISION;XL;1333199;QUINCE CON 00
40.33;Reglamento/Carpeta Postulante TECSAM/INSIFIC;10.00;COMISION CENTRAL ADMISION;XL;132312;DIEZ CON 00
40.34;Inscripcion/Carpeta/Prospecto ADMISION 2010;1.00;COMISION CENTRAL ADMISION;XL;132312;
41.01;Devoluci_n de caja chica 2001 RDR;1.00;ADMINISTRACION CENTRAL;XLI;******;
41.02;Recuperaci_n de Gasto Devoluci_n S/.20.00;1.00;COMISION CENTRAL ADMISION;XLI;******;
41.03;Recuperaci_n por pago indebido;1.00;ADMINISTRACION CENTRAL;00000000;******;
41.04;Deposito para pago Impuesto a la Renta 10%;1.00;EFECTUAR PAGO A LA SUNAT;XLI;******;
41.05;Deposito pago Impuesto Ext. de Solidaridad;1.00;EFECTUAR PAGO A LA SUNAT;XLI;******;
42.01;Ingresos por Responsabilidad Fiscal;1.00;FACULTAD DE INGENIERIA DE MINAS;XLII;1333199;
42.02;Constancia para Alumnos FIMGM;5.00;FACULTAD DE INGENIERIA DE MINAS;XLII;132313;CINCO CON 00
42.03;Servicios AcadUmicos FIMGM;1.00;FACULTAD DE INGENIERIA DE MINAS;XLII;133315;UNO CON 00
42.04;Reserva de Matricula FIMGM;20.00;FACULTAD DE INGENIERIA DE MINAS;XLII;132317;VEINTE CON 00
42.05;Record de Notas por Semestre FIMGM;3.00;FACULTAD DE INGENIERIA DE MINAS;XLII;132313;TRES CON 00
42.06;Constancia de Egresado FIMGM;15.00;FACULTAD DE INGENIERIA DE MINAS;XLII;132313;QUINCE CON 00
42.07;Constancia de Estudio;5.00;FACULTAD DE INGENIERIA DE MINAS;XLII;132313;CINCO CON 00
42.08;Constacia de Adeudos Unidad Administrativa;2.00;FACULTAD DE INGENIERIA DE MINAS;XLII;132313;DOS CON 00
42.09;Constancia de Notas por Semestre;2.00;FACULTAD DE INGENIERIA DE MINAS;XLII;132313;DOS CON 00
42.10;Revisi_n de Plan de Tesis;15.00;FACULTAD DE INGENIERIA DE MINAS;XLII;133315;QUINCE CON 00
42.11;Revisi_n de Informe de Prßcticas;10.00;FACULTAD DE INGENIERIA DE MINAS;XLII;133315;DIEZ CON 00
42.12;Constancia de Tercio Superior;10.00;FACULTAD DE INGENIERIA DE MINAS;XLII;132313;DIEZ CON 00
42.13;Convalidac_n de Cursos;10.00;FACULTAD DE INGENIERIA DE MINAS;XLII;132313;DIEZ  CON 00
42.14;Copia de Sylabus por pagina;1.00;FACULTAD DE INGENIERIA DE MINAS;XLII;132314;UNO CON 00
42.15;Derecho a Admisi_n Concurso Contrato Docente;50.00;FACULTAD DE INGENIERIA DE MINAS;XLII;131912;CINCUENTA CON 00
42.17;ExamUn de Aplazados por Asignatura;5.00;FACULTAD DE INGENIERIA DE MINAS;XLII;133313;CINCO CON 00
42.18;Formato Unico de Tramites;2.50;FACULTAD DE INGENIERIA DE MINAS;XLII;1333199;DOS CON 50
42.19;Reincorporaci_n S/Reserva de Matricula 3% UIT;108.00;FACULTAD DE INGENIERIA DE MINAS;XLII;133315;CIENTO OCHO CON 00
42.20;Reincorporaci_n C/Reserva de Matricula;40.00;FACULTAD DE INGENIERIA DE MINAS;XLII;133315;CUARENTA CON 00
42.21;Repet.De Cursos P/CrUdito 1ra. Vez;1.00;FACULTAD DE INGENIERIA DE MINAS;XLII;133315;UNO CON 00
42.22;Repet.De Cursos P/CrUditos 2da Vez;2.00;FACULTAD DE INGENIERIA DE MINAS;XLII;133315;DOS CON 00
42.23;Rept.De Cursos P/CrUdito 3ra vez;3.00;FACULTAD DE INGENIERIA DE MINAS;XLII;133315;TRES CON 00
42.24;Repet.De Cursos P/CrUdito 4ta Vez;4.00;FACULTAD DE INGENIERIA DE MINAS;XLII;133315;CUATRO CON 00
42.25;Repet.De CURSOS P/CrUditos 5ta Vez;10.00;FACULTAD DE INGENIERIA DE MINAS;XLII;133315;DIEZ CON 00
42.26;Reserva de Matricula;20.00;FACULTAD DE INGENIERIA DE MINAS;XLII;133315;VEINTE CON 00
42.27;Traslado Interno;100.00;FACULTAD DE INGENIERIA DE MINAS;XLII;133315;CIEN CON 00
42.28;Uso de Auditorio-Extra AcadUmico P/Dia;50.00;FACULTAD DE INGENIERIA DE MINAS;XLII;1333199;CINCUENTA CON 00
42.29;Uso de Internet de la FIMGM P/Hora;1.00;FACULTAD DE INGENIERIA DE MINAS;XLII;1332299;
42.30;Carnet Biblioteca FIMGM;5.00;FACULTAD DE INGENIERIA DE MINAS;XLII;132311;CINCO CON 00
42.31;Otros Ingresos FIMGM;1.00;FACULTAD DE INGENIERIA DE MINAS;XLII;1331299;
42.32;Recuperaci_n FIMGM;1.00;FACULTAD DE INGENIERIA DE MINAS;XLII;1333199;
42.33;Alquiler Multimedia FIMGM;1.00;FACULTAD DE INGENIERIA DE MINAS;XLII;1333199;
42.34;Recuperaci_n Pago Indebido Simposium 1999;1.00;FACULTAD DE INGENIERIA DE MINAS;XLII;1333199;
42.35;Curso Capacitaci_n en la FIMGM;70.00;FACULTAD DE INGENIERIA DE MINAS;XLII;133312;SETENTA CON 00
42.36;Curso de Capacitaci_n en la FIMGM Dosc. Alumno;60.00;FACULTAD DE INGENIERIA DE MINAS;XLII;133312;SESENTA CON 00
44.01;Servicios a terceros;1.00;OFICINA INFORMATICA Y ESTADISTIC;XLIV;1332299;
44.02;Servicio Correo UNASAM Estudiantes;3.00;OFICINA DE INFORMATICA;XLIV;1332299;TRES CON 00
44.03;Serv.Correo UNASAM Docentes y Administrativos;5.00;OFICINA DE INFORMATICA;XLIV;1332299;CINCO CON 00
45.01;Ingresos  Oficina Central de Investigaci_n;1.00;OFICINA CENTRAL DE INVESTIGACION;XLV;133312;
45.02;Jornada Cientifica/Incripci_n docentes;15.00;OFICINA CENTRAL DE INVESTIGACION;XLV;133312;QUINCE CON 00
45.03;Jornada Cientifica/Incripci_n estudiantes;8.00;OFICINA CENTRAL DE INVESTIGACION;XLV;133312;OCHO CON 00
45.04;Jornada Cientifica/P·blico en general;15.00;OFICINA CENTRAL DE INVESTIGACION;XLV;133312;QUINCE CON 00
45.05;Venta Revista Invesdtigaci_n Cientifica;10.00;OFICINA CENTRAL DE INVESTIGACION;XLV;132314;DIEZ CON 00
45.06;Constancia Oficina Central de Investigaci_n;5.00;OFICINA CENTRAL DE INVESTIGACION;XLV;133312;CINCO CON 00
46.01;Matricula y Prospecto CIAP IV FIIA;195.00;CIAP IV FIIA;XLVI;133313;CIENTO NOVENTINCO CON 00
46.02;Pago primera cuota CIAP IV FIIA;500.00;CIAP IV FIIA;XLVI;133313;QUINIENTOS CON 00
46.03;Pensi_n de ense±anza CIAP IV FIIA;600.00;CIAP IV FIIA;XLVI;133313;SEISCIENTOS CON 00
46.04;Pensi_n EnseDanza CIAP FIIA;750.00;CIAP IV FIIA;XLVI;133313;SETECIENTOS CINCUENTA CON 00
46.05;Pensi_n EnseDanza CIAP FIIA;1.00;CIAP IV FIIA;XLVI;133313;
46.06;Reintegro CIAP FIIA;1.00;CIAP IV FIIA;XLVI;133313;
46.07;CERTIFICACIEN PTP-FIIA;20.00;CIAP IV FIIA;XLVI;133313;VEINTE CON 00
47.01;Ingresos de Canyasbamba;1.00;VIVERO FRUTICOLA CANYASBAMBA;XLVII;1311199;
48.01;I Congreso Nacional de Bienestar Universitario;1.00;CONGRESO NACIONAL BIENESTAS UNIV;XLVIII;133312;
49.01;Seminario Sistema de Contrataciones Publicas;100.00;OFICINA GENERAL DE PLANIFICACION;XLIX;133312;CIEN CON 00
50.01;MATRICULA -I FAC. INGENIERIA DE MINAS;30.00;FACULTAD DE INGENIERIA DE MINAS;L;132317;TREINTA CON 00
50.02;MATRICULA -I FAC. INGENIERIA DE MINAS;15.00;FACULTAD DE INGENIERIA DE MINAS;L;132317;QUINCE CON 00
50.03;MATRICULA -I FAC. INGENIERIA DE MINAS;1.00;FACULTAD DE INGENIERIA DE MINAS;L;132317;
50.04;MATRICULA -II FAC. INGENIERIA DE MINAS;30.00;FACULTAD DE INGENIERIA DE MINAS;L;132317;TREINTA CON 00
50.05;MATRICULA -II FAC. INGENIERIA DE MINAS;15.00;FACULTAD DE INGENIERIA DE MINAS;L;132317;QUINCE CON 00
50.06;MATRICULA -II FAC. INGENIERIA DE MINAS;1.00;FACULTAD DE INGENIERIA DE MINAS;L;132317;
50.07;MATRICULA -II FIMGM/EXTEMPORANEO;45.00;FACULTAD DE INGENIERIA DE MINAS;L;132317;CUARENTICINCO CON 00
50.08;Matricula Ingresantes  FIMGM.;35.00;FACULTAD DE INGENIERIA DE MINAS;L;132317;TRENTICINCO CON 00
50.10;MATRICULA -I FAC. CIENCIAS AGRARIAS;30.00;FACULTAD DE CIENCIAS AGRARIAS;L;132317;TREINTA CON 00
50.11;MATRICULA -I FAC. CIENCIAS AGRARIAS;15.00;FACULTAD DE CIENCIAS AGRARIAS;L;132317;QUINCE CON 00
50.12;MATRICULA -I FAC. CIENCIAS AGRARIAS;1.00;FACULTAD DE CIENCIAS AGRARIAS;L;132317;
50.13;MATRICULA -II FAC. CIENCIAS AGRARIAS;30.00;FACULTAD DE CIENCIAS AGRARIAS;L;132317;TREINTA CON 00
50.14;MATRICULA -II FAC. CIENCIAS AGRARIAS;15.00;FACULTAD DE CIENCIAS AGRARIAS;L;132317;QUINCE CON 00
50.15;MATRICULA -II FAC. CIENCIAS AGRARIAS;1.00;FACULTAD DE CIENCIAS AGRARIAS;L;132317;
50.16;MATRICULA  FAC.CIENC.AGRARIAS/EXTEMPORANE;45.00;FACULTAD DE CIENCIAS AGRARIAS;L;132317;CUARENTICINCO CON 00
50.17;MATRICULA   FCA INGRESANTES;35.00;FACULTAD DE CIENCIAS AGRARIAS;L;132317;TRENTICINCO CON 00
50.20;MATRICULA -I FAC. EDUCACION;30.00;FACULTAD DE EDUCACION;L;132317;TREINTA CON 00
50.21;MATRICULA -I FAC. EDUCACION;15.00;FACULTAD DE EDUCACION;L;132317;QUINCE CON 00
50.22;MATRICULA -I FAC. EDUCACION;1.00;FACULTAD DE EDUCACION;L;132317;
50.23;MATRICULA -II FAC. EDUCACION;30.00;FACULTAD DE EDUCACION;L;132317;TREINTA CON 00
50.24;MATRICULA -II FAC. EDUCACION;15.00;FACULTAD DE EDUCACION;L;132317;QUINCE CON 00
50.25;MATRICULA -II FAC. EDUCACION;1.00;FACULTAD DE EDUCACION;L;132317;
50.26;MATRICULA  FECC/EXTEMPORANEO;45.00;FACULTAD DE EDUCACION;L;132317;CUARENTICINCO CON 00
50.27;MATRICULA  I FECC INGRESANTES;35.00;FACULTAD DE EDUCACION;L;132317;TRENTICINCO CON 00
50.30;MATRICULA -I FDCCPP;30.00;FACULTAD DE DERECHO;L;132317;TREINTA CON 00
50.31;MATRICULA -I FDCCPP;15.00;FACULTAD DE DERECHO;L;132317;QUINCE CON 00
50.32;MATRICULA -I FDCCPP;1.00;FACULTAD DE DERECHO;L;132317;
50.33;MATRICULA -II FDCCPP;30.00;FACULTAD DE DERECHO;L;132317;TREINTA CON 00
50.34;MATRICULA -II FDCCPP;15.00;FACULTAD DE DERECHO;L;132317;QUINCE CON 00
50.35;MATRICULA -II FDCCPP;1.00;FACULTAD DE DERECHO;L;132317;
50.36;MATRICULA -II FDCCPP/EXTEMPORANEO;45.00;FACULTAD DE DERECHO;L;132317;CUARENTICINCO CON 00
50.37;MATRICULA  II FDCCPP Ingresantes;35.00;FACULTAD DE DERECHO;L;132317;TRENTICINCO CON 00
50.40;MATRICULA -I FAC. DE CIENCIAS;30.00;FACULTAD DE CIENCIAS;L;132317;TREINTA CON 00
50.41;MATRICULA -I FAC. DE CIENCIAS;15.00;FACULTAD DE CIENCIAS;L;132317;QUINCE CON 00
50.42;MATRICULA -I FAC. DE CIENCIAS;1.00;FACULTAD DE CIENCIAS;L;132317;
50.43;MATRICULA -II FAC. DE CIENCIAS;30.00;FACULTAD DE CIENCIAS;L;132317;TREINTA CON 00
50.44;MATRICULA -II FAC. DE CIENCIAS;15.00;FACULTAD DE CIENCIAS;L;132317;QUINCE CON 00
50.45;MATRICULA -II FAC. DE CIENCIAS;1.00;FACULTAD DE CIENCIAS;L;132317;
50.46;MATRICULA -FAC. CIENCIAS/EXTEMPORANEO;45.00;FACULTAD DE CIENCIAS;L;132317;CUARENTICINCO CON 00
50.47;Matricula Ingresantes  FC;35.00;FACULTAD DE CIENCIAS;L;132317;TRENTICINCO CON 00
50.50;MATRICULA -I FAC. CIENCIAS DE AMBIENTE;30.00;FACULTAD CIENCIAS AMBIENTE;L;132317;TREINTA CON 00
50.51;MATRICULA -I FAC. CIENCIAS DE AMBIENTE;15.00;FACULTAD CIENCIAS AMBIENTE;L;132317;QUINCE CON 00
50.52;MATRICULA -I FAC. CIENCIAS DE AMBIENTE;1.00;FACULTAD CIENCIAS AMBIENTE;L;132317;
50.53;MATRICULA -II FAC. CIENCIAS DE AMBIENTE;30.00;FACULTAD CIENCIAS AMBIENTE;L;132317;TREINTA CON 00
50.54;MATRICULA -II FAC. CIENCIAS DE AMBIENTE;15.00;FACULTAD CIENCIAS AMBIENTE;L;132317;QUINCE CON 00
50.55;MATRICULA -II FAC. CIENCIAS DE AMBIENTE;1.00;FACULTAD CIENCIAS AMBIENTE;L;132317;
50.56;MATRICULA   FCAM/EXTEMPORANEO;45.00;FACULTAD CIENCIAS AMBIENTE;L;132317;CUARENTICINCO CON 00
50.57;Matricula Ingresantes  FCAM;35.00;FACULTAD CIENCIAS AMBIENTE;L;132317;TRENTICINCO CON 00
50.60;MATRICULA -I FAC.INDUSTRIAS ALIMENTARI;30.00;FACULTAD INDUSTRIAS ALIMENTARIAS;L;132317;TREINTA CON 00
50.61;MATRICULA -I FAC.INDUSTRIAS ALIMENTARI;15.00;FACULTAD INDUSTRIAS ALIMENTARIAS;L;132317;QUINCE CON 00
50.62;MATRICULA -I FAC.INDUSTRIAS ALIMENTARI;1.00;FACULTAD INDUSTRIAS ALIMENTARIAS;L;132317;
50.63;MATRICULA -II FAC.INDUSTRIAS ALIMENTARI;30.00;FACULTAD INDUSTRIAS ALIMENTARIAS;L;132317;TREINTA CON 00
50.64;MATRICULA -II FAC.INDUSTRIAS ALIMENTARI;15.00;FACULTAD INDUSTRIAS ALIMENTARIAS;L;132317;QUINCE CON 00
50.65;MATRICULA -II FAC.INDUSTRIAS ALIMENTARI;1.00;FACULTAD INDUSTRIAS ALIMENTARIAS;L;132317;
50.66;MATRICULA  F.I.I.A /EXTEMPORANEO;45.00;FACULTAD INDUSTRIAS ALIMENTARIAS;L;132317;CUARENTICINCO CON 00
50.67;Matricula Ingresantes  FIIA;35.00;FACULTAD INDUSTRIAS ALIMENTARIAS;L;132317;TRENTICINCO CON 00
50.70;MATRICULA -I FAC. FCEAC;30.00;FACULTAD ECONOMIA Y CONTABILIDAD;L;132317;TREINTA CON 00
50.71;MATRICULA -I FAC. FCEAC;15.00;FACULTAD ECONOMIA Y CONTABILIDAD;L;132317;QUINCE CON 00
50.72;MATRICULA -I FAC. FCEAC;1.00;FACULTAD ECONOMIA Y CONTABILIDAD;L;132317;
50.73;MATRICULA -II FAC. FCEAC;30.00;FACULTAD ECONOMIA Y CONTABILIDAD;L;132317;TREINTA CON 00
50.74;MATRICULA -II FAC. FCEAC;15.00;FACULTAD ECONOMIA Y CONTABILIDAD;L;132317;QUINCE CON 00
50.75;MATRICULA -II FAC. FCEAC;1.00;FACULTAD ECONOMIA Y CONTABILIDAD;L;132317;
50.76;MATRICULA   FAC. FCEAC/EXTEMPORANEO;45.00;FACULTAD ECONOMIA Y CONTABILIDAD;L;132317;CUARENTICINCO CON 00
50.77;Matricula Ingresantes  FCEAC;35.00;FACULTAD ECONOMIA Y CONTABILIDAD;L;132317;TRENTICINCO CON 00
50.80;MATRICULA -I FAC. CIENCIAS MEDICAS;30.00;FACULTAD DE CIENCIAS MEDICAS;L;132317;TREINTA CON 00
50.81;MATRICULA -I FAC. CIENCIAS MEDICAS;15.00;FACULTAD DE CIENCIAS MEDICAS;L;132317;QUINCE CON 00
50.82;MATRICULA -I FAC. CIENCIAS MEDICAS;1.00;FACULTAD DE CIENCIAS MEDICAS;L;132317;
50.83;MATRICULA -II FAC. CIENCIAS MEDICAS;30.00;FACULTAD DE CIENCIAS MEDICAS;L;132317;TREINTA CON 00
50.84;MATRICULA -II FAC. CIENCIAS MEDICAS;15.00;FACULTAD DE CIENCIAS MEDICAS;L;132317;QUINCE CON 00
50.85;MATRICULA -II FAC. CIENCIAS MEDICAS;1.00;FACULTAD DE CIENCIAS MEDICAS;L;132317;
50.86;MATRICULA  F.C.MEDICAS/EXTEMPORANEO;45.00;FACULTAD DE CIENCIAS MEDICAS;L;132317;CUARENTICINCO CON 00
50.87;Matricula Ingresantes FCM;35.00;FACULTAD DE CIENCIAS MEDICAS;L;132317;TRENTICINCO CON 00
50.90;MATRICULA -I FAC. INGENIERIA CIVIL;30.00;FACULTAD DE INGENIERIA CIVIL;L;132317;TREINTA CON 00
50.91;MATRICULA -I FAC. INGENIERIA CIVIL;15.00;FACULTAD DE INGENIERIA CIVIL;L;132317;QUINCE CON 00
50.92;MATRICULA -I FAC. INGENIERIA CIVIL;1.00;FACULTAD DE INGENIERIA CIVIL;L;132317;
50.93;MATRICULA -II FAC. INGENIERIA CIVIL;30.00;FACULTAD DE INGENIERIA CIVIL;L;132317;TREINTA CON 00
50.94;MATRICULA -II FAC. INGENIERIA CIVIL;15.00;FACULTAD DE INGENIERIA CIVIL;L;132317;QUINCE CON 00
50.95;MATRICULA -II FAC. INGENIERIA CIVIL;1.00;FACULTAD DE INGENIERIA CIVIL;L;132317;
50.96;MATRICULA  F.I.C /EXTEMPORANEO;45.00;FACULTAD DE INGENIERIA CIVIL;L;132317;CUARENTICINCO CON 00
50.97;Matricula Ingresantes FIC;35.00;FACULTAD DE INGENIERIA CIVIL;L;132317;TRENTICINCO CON 00
51.01;Ingresos del Centro Pre Universitario;1.00;CENTRO PRE UNIVERSITARIO;LI;133311;
51.02;Convenio Docentes y Administrativos CPU;242.00;CENTRO PRE UNIVERSITARIO;LI;132314;DOSCIENTOS CUARENTA Y DOS CON 00
51.03;Pago al contado 1/2. beca cC.P.U.;242.00;CENTRO PRE UNIVERSITARIO;LI;133311;DOSCIENTOS CUARENTA Y DOS  CON 00
51.04;Pago al Contado Pensi_n de Ense±anza;476.00;CENTRO PRE UNIVERSITARIO;LI;133311;CUATROCIENTOS SETENTA Y SEIS CON 00
51.05;Pago Pensi_n de Ense±anza en cuotas;239.00;CENTRO PRE UNIVERSITARIO;LI;133311;DOSCIENTOS TREINTA Y NUEVE  CON 00
51.06;Ingresos del Centro Pre Universitario;150.00;CENTRO PRE UNIVERSITARIO;LI;133311;CIENTO CINCUENTA CON 00
51.07;Ingresos del Centro Pre Universitario;225.00;CENTRO PRE UNIVERSITARIO;LI;133311;DOSCIENTOS VEINTICINCO CON 00
51.08;Pago por Ciclo Exclusivo Aptitud AcadUmica;40.00;CENTRO PRE UNIVERSITARIO;LI;133311;CUARENTA CON 00
52.01;Venta semilla de papa;1.00;CENTRO PROD. INVERNADERO DE PAPA;LII;1311199;
53.01;Ingresos Diversos de la Oficina de Relaciones;1.00;OFICINA DE RELACIONES PUBLICAS;LIII;132314;
54.01;Pago al contado - CATP/FDCCPP-IV EDICION;2660.00;FACULTAD DE DERECHO/CATP;LIV;133313;DOS MIL SEISCIENTOS SESENTA CON 00
54.02;Pago al contado Bachilleres Otra Universidades;3325.00;FACULTAD DE DERECHO/PTP;LIV;133313;TRES MIL TRESCIENTOS VEINTICINCO CON 00
54.03;Pago Fraccionado/Primera Cuota 50 %;1400.00;FACULTAD DE DERECHO/CATP;LIV;133313;UN MIL CUATROCIENTOS CON 00
54.04;Pago Fraccionado/Segunda Cuota 25 %;700.00;FACULTAD DE DERECHO/CATP;LIV;133313;SETECIENTOS CON 00
54.05;Pago Fraccionado/Tercera Cuota 25 %;700.00;FACULTAD DE DERECHO/CATP;LIV;133313;SETECIENTOS CON 00
54.06;Pago de Matricula/CATP-FDCCPP;200.00;FACULTAD DE DERECHO/PTP;LIV;133313;DOSCIENTOS CON 00
54.07;Pago Fraccionado/Segunda Cuota Otras Universid;875.00;FACULTAD DE DERECHO/PTP;LIV;133313;OCHOCIENTOS SETENTICINCO CON 00
54.08;Pago Fraccionado/Tercera Cuota Otras Universid;875.00;FACULTAD DE DERECHO/PTP;LIV;133313;OCHOCIENTOS SETENTICINCO CON 00
54.09;Pago Cuotas Programa CATP/FDCCPP-UNASAM;1.00;FACULTAD DE DERECHO/CATP;LIV;133313;
55.01;Venta de Productos Terminados;1.00;TALLER DE MAESTRANZA;LV;132314;
56.01;INSCRIPCION PTP-EIA-FCA;175.00;FACULTAD AGRICOLA-PTP;LVI;133313;CIENTO SETENTICINCO CON 00
56.02;MATRICULA PTP-EAPIA/2011/2 FCA;200.00;FACULTAD AGRICOLA-PTP;LVI;133313;DOSCIENTOS CON 00
56.03;PRIMER PAGO DE ENSEDANZA PTP-EIA-FCA;1000.00;FACULTAD AGRICOLA-PTP;LVIL;133313;UN MIL CON 00
56.04;SEGUNDO PAGO ENSEDANZA PTP-EIA-FCA;800.00;FACULTAD AGRICOLA-PTP;LVI;133313;OCHOCIENTOS  CON 00
56.05;TERCER PAGO ENSEDANZA PTP-EIA-FCA;800.00;FACULTAD AGRICOLA-PTP;LVI;133313;OCHOCIENTOS  CON 00
56.06;Pago Fraccionado Ense±anza PTP-EIA-FCA;1.00;FACULTAD AGRICOLA-PTP;LVI;133313;UNO CON 00
57.01;Constancia No Adeudar Bienes  a la Unasam;3.00;OASA-UNIDAD CONTROL PATRIMONIAL;LVII;132313;TRES CON 00
57.02;VENTA DE MADERAMEN - UTILIZADAS EN OBRA;1.00;COMITE GESTION PATRIMONIA-UNASAM;LVII;132314;UNO CON 00
58.01;Servicios Academicos y administrativos FAT;1.00;FACULTAD ADMINISTRACION TURISMO;LVIII;133315;
58.02;Constancia de estudios Facultad Admist.y Turis;5.00;FACULTAD ADMINISTRACION TURISMO;LVIII;132317;CINCO CON 00
58.03;Constancia No Adeudar Secretaria admist.FAT;2.50;FACULTAD ADMINISTRACION TURISMO;LVIII;132317;DOS CON 50
58.04;Matricula Traslado Interno FAT.;100.00;FACULTAD ADMINISTRACION TURISMO;LVIII;132317;CIEN CON 00
58.05;Record de Notas por Semestre FAT;3.00;FACULTAD ADMINISTRACION TURISMO;LVIII;132313;TRES CON 00
58.06;Reserva de Matricula  por Semestre;20.00;FACULTAD ADMINISTRACION TURISMO;LVIII;133315;VEINTE CON 00
58.07;Matricula Traslado Externo FAF;150.00;FACULTAD ADMINISTRACION TURISMO;LVIII;133315;CIENTO CINCUENTA CON 00
58.08;Exßmen de Aplazados por Asignatura FAT;5.00;FACULTAD ADMINISTRACION TURISMO;LVIII;133315;CINCO CON 00
58.09;Carta de Presentaci_n FAT;5.00;FACULTAD ADMINISTRACION TURISMO;LVIII;132314;CINCO CON 00
58.10;Diploma de Egresado FAT.;15.00;FACULTAD ADMINISTRACION TURISMO;LVIII;132313;QUINCE CON 00
58.11;Constancia de Egreso FAT.;15.00;FACULTAD ADMINISTRACION TURISMO;LVIII;132313;QUINCE CON 00
58.12;FORMULARIO UNICO DE TRAMITE -FUT- FAT;2.50;FACULTAD ADMINISTRACION TURISMO;LVIII;1333199;DOS CON 50
58.13;Constancia No Adeudar Biblioteca FAT;2.50;FACULTAD ADMINISTRACION TURISMO;LVIII;132313;DOS CON 50
58.14;Matricula  II FAT;15.00;FACULTAD ADMINISTRACION TURISMO;LVIII;132317;QUINCE CON 00
58.15;Matricula  II FAT;1.00;FACULTAD ADMINISTRACION TURISMO;LVIII;132317;
58.20;MATRICULA -I FAC.ADMINISTRACION Y TURISMO;30.00;FACULTAD ADMINISTRACION TURISMO;LVIII;132317;TREINTA CON 00
58.21;MATRICULA -I FAC. ADMINISTRACION Y TURISMO;15.00;FACULTAD ADMINISTRACION TURISMO;LVIII;132317;QUINCE CON 00
58.22;MATRICULA -I FAC. ADMINISTRACION Y TURISMO;1.00;FACULTAD ADMINISTRACION TURISMO;LVIII;132317;
58.23;MATRICULA -II FAC.ADMINISTRACION Y TURISMO;30.00;FACULTAD ADMINISTRACION TURISMO;LVIII;132317;TREINTA CON 00
58.24;MATRICULA -II FAC.ADMINISTRACION Y TURISMO;15.00;FACULTAD ADMINISTRACION TURISMO;LVIII;132317;QUINCE CON 00
58.25;MATRICULA -II FAC.ADMINISTRACION Y TURISMO;1.00;FACULTAD ADMINISTRACION TURISMO;LVIII;132317;
58.26;MATRICULA INGRESANTES  FAT;35.00;FACULTAD ADMINISTRACION TURISMO;LVIII;132317;TREINTICINCO CON 00
58.27;MATRICULA  FAC.ADMIN.TURISMO/EXTEMPORANEA;45.00;FACULTAD ADMINISTRACION TURISMO;LVIII;132317;CUARENTICINCO CON 00
59.01;INSTITUTO DE INVESTIGACION DE LA FAT.;1.00;INSTITUTO INVESTIGACION FAT;LVIX;133312;
60.10;MATRICULA  FACULTAD DE MINAS;30.00;FACULTAD DE INGENIERIA DE MINAS;LX;132317;TREINTA CON 00
60.11;MATRICULA  FACULTAD DE MINAS;1.00;FACULTAD DE INGENIERIA DE MINAS;LX;132317;
61.01;Ingresos del IIASAM;1.00;CENTRO PRODUCCION IIASAM;LXI;1311199;
62.01;DERECHO DE MATRICULA PTP-FAT;69.00;FAT. PTP;LXII;133313;sesentinueve CON 00
62.02;PENSION DE ENSEÑANZA PTP-FAT;690.00;FAT. PTP;LXII;133313;SEISCIENTOS NOVENTA  CON 00
62.03;REINTEGRO VARIOS PTP-FAT;1.00;FAT. PTP;LXII;1333199;
70.50;Prog.TitulacionEspecial CIAP-FIMGM.;1.00;PTP FIMGM;LXX;133313;
80.01;Ciclo de Actualizacion Profesional/FCA;1.00;FAC.CIENCIAS AGRARIAS/CIAP;LXXX;133313;
80.02;Ciclo de Actualizacion Profesional/FCA (Soles);1.00;FAC.CIENCIAS AGRARIAS/CIAP;LXXX;133313;
90.00;Pensión Enseñanza Colegio Ciencias Aplicadas;1.00;COLEGIO CIENCIAS APLICADAS;XC;133313;
99.01;AUTOSEGURO DE SALUD DEL ESTUDIANTE-UNASAM;20.00;OBUYAE;XC;133411;VEINTE CON 00
53.02;Venta de Videos y tomas Fotograficas;20.00;OFICINA DE RELACIONES PUBLICAS;LIII;132314;VEINTE Y 00/100
11.46;FOTOCOPIAS DE RESOLUCIONES;0.20;SECRETARIA GENERAL;XI;132313;CERO CON 20
11.47;Derecho de pergamino Grado Doctor;1000.00;SECRETARIA GENERAL;XI;132313;UN MIL Y 00
11.48;Otorgamiento de Grado de Maestro;700.00;SECRETARIA GENERAL;XI;132313;SETECIENTOS Y 00
09.58;GIMNASIO / AEROBICOS;1.00;OBUYAE;IX;132314;
